SMILES,Drug_Name,IsDILI
O=CNC,,0.0
S(=O)(C)C,,0.0
SC(=S)N,,0.0
O(CC)CC,,0.0
OC(=O)CO,,0.0
ClCC(O)=O,,0.0
O=C(CC)C,,0.0
OCC(=O)CO,,0.0
[nH]1ncnc1,,0.0
N1CCCC1,,0.0
O(C(=O)C)CC,,0.0
ClC(Cl)(F)F,,0.0
ClC(Cl)(Cl)F,,0.0
O(N=O)CCCC,,0.0
ClC(Cl)(Cl)CO,,0.0
ClC(Cl)(Cl)C=O,,0.0
O(C(=O)C(C)=C)C,,0.0
NC(CCCCC)C,,0.0
c1ccccc1C,,0.0
S1N(C)C(=O)C=C1,,0.0
FC(F)(F)COC=C,,1.0
O1CCN(CC1)CC,,0.0
NC1CCCCC1N,,1.0
OC(=O)CCCCCCN,,0.0
S=C1N(O)C=CC=C1,,0.0
Clc1ccc(O)cc1,,0.0
ClC=1SN(C)C(=O)C=1,,0.0
ClC(Cl)(Cl)C(O)(C)C,,0.0
O(C)c1ccccc1O,,0.0
OC(C(O)C(O)=O)C(O)=O,,0.0
OCCC(CCCC(C)=C)C,,0.0
ClC(Cl)(Cl)COP(O)(O)=O,,0.0
N(=C(\NC#N)/N)/C(CC)(C)C,,0.0
P(O)(O)(=O)C(P(O)(O)=O)O,,0.0
o1c(ccc1[N+](=O)[O-])\C=N\O,,0.0
Oc1ccc(cc1)C(OC)=O,,0.0
Oc1ccc(cc1)CC(N)C,,0.0
O(C(=O)C)c1cc(ccc1)C,,0.0
S(SC(=S)N(C)C)C(=S)N(C)C,,0.0
OCC=1CCC(CC=1)C(C)=C,,1.0
C1CCc2c(C1)cccc2,,0.0
c12c(cccc1)cccc2,,0.0
S(O)(=O)(=O)NC1CCCCC1,,0.0
BrC(CC)(CC)C(=O)NC(=O)N,,0.0
Oc1cc(ccc1C(C)C)C,,0.0
OC(=O)C(NC(=O)C)CCC(=O)N,,0.0
O(CC)c1ccccc1C(=O)N,,0.0
O=C(NC(=O)N)C(C(CC)C)CC,,0.0
O=C(Nc1ccccc1)N(C)C,,0.0
O(C)c1cc(ccc1O)CC=C,,0.0
Clc1cc(OC)c(Cl)cc1OC,,0.0
O1C(OC)C(O)C(O)C(O)C1O,,0.0
O(CC(O)CO)c1ccccc1C,,0.0
O(C)c1ccccc1CC(NC)C,,0.0
Oc1ccc(cc1)C(OCCC)=O,,0.0
Clc1ccccc1CC(N)(C)C,,0.0
O1CC(O)C(O)C(O)C1(O)CO,,0.0
O1C(CN=C1N)c1ccccc1,,0.0
O(C(COC(=O)C)COC(=O)C)C(=O)C,,0.0
IC1=CN(C=C(I)C1=O)CC(O)=O,,0.0
OC1(CCC(CC1)C(O)(C)C)C,,0.0
Clc1ccc(Cl)c(OC)c1C(O)=O,,0.0
Ic1ccccc1C(=O)NCC(O)=O,,0.0
O(C(=O)c1ccc(N)cc1)CC(C)C,,0.0
O(C)c1cc(C(C)(C)C)c(O)cc1,,0.0
S1(=O)(=O)NC(=O)c2c1cccc2,,0.0
Oc1cc2c([nH]cc2CCN)cc1,,0.0
S=C1N(CC=C)C(=S)NC1CC(C)C,,0.0
S(P(OCC)(OCC)=O)CCN(CC)CC,,0.0
Oc1c2c(cccc2)c(N)cc1C,,0.0
Oc1c2c(cccc2)c(O)cc1C,,0.0
Ic1cc(I)c2c(nccc2)c1O,,0.0
[nH]1cc(c2c1cccc2)CC(N)CC,,0.0
Clc1ccc(cc1)C(O)(C(O)(C)C)C,,0.0
O(C)c1cc(ccc1O)C(=O)N(CC)CC,,0.0
Clc1cc(Cl)c2c(nc(cc2)C)c1O,,0.0
O([N+](=O)[O-])CCN(CCO[N+](=O)[O-])CCO[N+](=O)[O-],,0.0
O=C1NC(=O)NC(=O)C1(C(CC)C)CC=C,,0.0
O=C1NC(=O)NC(=O)C1(/C(=C/CC)/C)CC,,0.0
S1c2cc(OC(F)(F)F)ccc2NC1N,,1.0
O(CC(CCC)(COC(=O)N)C)C(=O)NCCCC,,0.0
n1c2c(cccc2)c(N)c2c1cccc2,,0.0
N1CCN=C1Cc1cc2c(cc1)cccc2,,0.0
Br\C=C\C=C(\C(CCN(C)C)c1ncccc1)/C=C,,0.0
s1cc(cc1)CN(CCN(C)C)c1ncccc1,,0.0
Clc1nc(OP(=S)(OCC)OCC)nn1C(C)C,,0.0
O1C(=O)C2(C3OC(CC3)C2(C)C1=O)C,,0.0
O=C1NC(=O)NC(=O)C1(CC=C)C1CCC=C1,,0.0
n1c(nc(nc1N1CC1)N1CC1)N1CC1,,0.0
O=C1N(C)C(=O)N(c2ncn(c12)CC(O)C)C,,0.0
O(C(=O)c1ccccc1)CCCN1CCCCC1C,,0.0
O([N+](=O)[O-])CC(CO[N+](=O)[O-])(CO[N+](=O)[O-])CO[N+](=O)[O-],,0.0
ClC(Cl)(Cl)C1OC2C(OC(C(O)CO)C2O)O1,,0.0
O(CCC)c1cc(N)ccc1C(OCCN(CC)CC)=O,,0.0
O(C(=O)C1(CCCN(CC1)C)c1ccccc1)CC,,0.0
O1C(CO)C(O)C(O)C1Nc1ncnc(N)c1N=C,,0.0
Fc1cc2c(OCCC23NC(=O)NC3=O)cc1,,0.0
O1CCN(CC1)CCCOc1ccc(OCCCC)cc1,,0.0
O(C(=O)c1ccc(N)cc1)CCCN(CCCC)CCCC,,0.0
OC(=O)CN(CC(=O)Nc1c(cccc1C)C)CC(O)=O,,0.0
N12C(C3CC(C4N(C3)CCCC4)C1)CCCC2,,0.0
O(C(=O)c1ccccc1)c1c2ncccc2ccc1,,0.0
O(C(=O)c1ccccc1O)C1CC(CC(C1)C)(C)C,,0.0
OC(=O)c1ccccc1N=Nc1ccc(N(C)C)cc1,,0.0
OC(C(N(C\C=C\c1ccccc1)C)C)c1ccccc1,,0.0
OC(=O)CN(CC(=O)Nc1ccc(cc1)C(C)C)CC(O)=O,,0.0
O(C(=O)C1(CCCC1)c1ccccc1)CCN(CC)CC,,0.0
O1c2c(OC1)cc1N(C=C(C(O)=O)C(=O)c1c2)CC,,0.0
O(C)c1c(OC)cc(cc1OC)C(=O)NCCCCCC(O)=O,,0.0
OCc1cc2c([nH]cc2\C=N\N\C(=N\CCCCC)\N)cc1,,0.0
OC(C1NCCCC1)(c1ccccc1)c1ccccc1,,0.0
S(O)(=O)(=O)C1N(c2cc(O)c(N=NC(=O)N)cc2C1)C,,0.0
OC(=O)CCC(NC(=O)c1ccccc1)C(=O)N(CCC)CCC,,0.0
O(C(=O)C(c1ccccc1)c1ccccc1)CCN(CC)CC,,0.0
s1c2cc(OC)ccc2nc1NC(=O)Nc1ccccc1,,0.0
S(C(=O)C(c1ccccc1)c1ccccc1)CCN(CC)CC,,0.0
O1C(C(O)=O)C(O)C(O)C(O)C1OC(C#N)c1ccccc1,,0.0
N(CC12CCC(c3c1cccc3)c1c2cccc1)C,,0.0
FCC1=Nc2c(cc(N)cc2)C(=O)N1c1ccccc1C,,0.0
FC(F)(F)c1cc([N+](=O)[O-])c(N(CCC)CCC)c([N+](=O)[O-])c1,,0.0
s1ccnc1NS(=O)(=O)c1ccc(NC(=O)CCC(O)=O)cc1,,0.0
Clc1ccc(cc1S(=O)(=O)N)C(=O)NN1C(CCCC1C)C,,0.0
O(C(=O)C(O)(c1ccccc1)c1ccccc1)CCN(CC)CC,,0.0
O1C(OC2C(O)C(O)C(OC2OC)O)C(O)C(O)C(O)C1OC,,0.0
OC(=O)CN(CC(=O)Nc1c(cccc1C(C)C)C(C)C)CC(O)=O,,0.0
ClC(Cl)C(=O)N(Cc1ccc(Oc2ccc([N+](=O)[O-])cc2)cc1)CCO,,0.0
O=C1CCC2C3C(C4CC[C@](O)(C)C4(CC3)C)CCC2=C1,,0.0
OC(CC1N(C)C(CCC1)CC(=O)c1ccccc1)c1ccccc1,,0.0
O=C1N(C)C(=O)N(c2ncn(c12)CCNC(C(O)c1ccccc1)C)C,,0.0
O(C(=O)C(N(C(C)C)C(C)C)N(C(C)C)C(C)C)CC(O)C(O)C(O)C(O)C(O)=O,,0.0
O(C)C1=CC=C2C(=CC1=O)C(NC)CCc1c2c(OC)c(OC)c(OC)c1,,1.0
OC1(CCC2C3C(C4(C(=CC(=O)C=C4)CC3)C)C(O)CC12C)C(=O)C,,0.0
OC(=O)CNC(C(=O)N1CCC1C(=O)NCc1ccc(cc1)C(N)=N)C1CCCCC1,,1.0
O1C(OC2C(O)C(OC3OCC(O)(C)C(NC)C3O)C(N)CC2N)C(N)CC=C1CN,,0.0
FC12C(C3CC(C)C(CC(=O)CO)C3(CC1O)C)CCC1=CC(=O)C=CC12C,,0.0
O1C(C(O)C(O)C(O)C1CO)C1c2c(C(=O)c3c1cccc3O)c(O)cc(c2)CO,,0.0
O1C(CO)C(OC2OC(CO)C(O)C(O)C2O)C(O)C(O)C1OC1C(O)C(O)C(OC1CO)O,,0.0
O1C(C)C(O)C(O)CC1OC1CC(O)(Cc2c1c(O)c1c(C(=O)c3c(C1=O)c(OC)ccc3)c2O)C(=O)CO,,0.0
O1C(OC(=O)c2cc(O)c(O)c(O)c2)C(O)C(OC(=O)c2cc(O)c(O)c(O)c2)C(O)C1OC(=O)c1cc(O)c(O)c(O)c1,,0.0
Oc1cc(O)ccc1CCCCCC,,0.0
ClC(Cl)(Cl)SN1C(=O)C(NC1=O)C(CCCC)CC,,0.0
O(C(=O)CCCCCCCCCCCCCCCCC)CC(O)CO,,0.0
Clc1ccc(cc1)C\C(=C/CN1CCCC1)\c1ccccc1,,0.0
O(C(=O)C1(CCCC1)c1ccccc1)CCOCCN(CC)CC,,0.0
O(C1CCCCC1)c1ccc(cc1)C(OCCCN1CCCCC1C)=O,,0.0
S1C2N(C(C(O)=O)C1(C)C)C(=O)C2NC(=O)C(Oc1ccccc1)C,,0.0
OC1(CCC2C3C(CCC12C)C1(C(=CC(=O)CC1)CC3)C)C#C,,0.0
O(C(CN1CCCCC1)COC(=O)Nc1ccccc1)C(=O)Nc1ccccc1,,0.0
O(CC)c1cc(ccc1OCC)Cc1nccc2c1cc(OCC)c(OCC)c2,,1.0
O1C2CC(=O)N3C4C5(C6N(CC(C(C24)C6)=CC1)CC5)c1c3cccc1,,0.0
O(C(=O)CCCCCC)C1(CCC2C3C(C4C(=CC(=O)CC4)CC3)CCC12C)C#C,,1.0
O(C(=O)CNC(C(=O)N1CCC1C(=O)NCc1ccc(cc1)\C=N\NO)C1CCCCC1)CC,,1.0
Clc1c2c(C(O)=C3C(CC4C(O)(C(O)=C(C(O)=O)C(=O)C4N(C)C)C3=O)C2O)c(O)cc1,,0.0
OC1N=C(NC(C1)C1NC(=O)/C(/NC(=O)C(NC(=O)C(NC(=O)C(NC(=O)CC(N)CCCN)CNC1=O)CO)CO)=C/NC(=O)N)N,,0.0
OCCCCCCCCCCCCCCCC,,0.0
O(C(=O)CCCCCCC\C=C\CCCCCCCC)CCN,,0.0
O(C)c1ccc(cc1)C(=O)Nc1ccc(cc1)CCC1N(CCCC1)C,,0.0
O=C1N(N=C(C=C1)c1ccccc1)CC(=O)N(C(Cc1ccccc1)C)C,,0.0
Clc1ccc(cc1C(F)(F)F)C1(O)CCN(CC1)CCCC(=O)c1ccc(F)cc1,,0.0
S1c2c(N(c3c1cccc3)CCCN1CCN(CC1)C)cc(cc2)C(=O)CCC,,0.0
S1c2c(N(c3c1cccc3)CCCN1CCN(CC1)C(CC)(CC)CC)cccc2,,0.0
O(C)c1cc2c(cc(cc2)C(C(C(O)=O)(C)C)CC)cc1,,0.0
Nc1ccc(cc1)\C(=C\1/C=C(C)C(=N)C=C/1)\c1ccc(N)cc1,,0.0
Nc1ccc(cc1C)\C(=C/1\C=C(C)C(=N)C=C\1)\c1ccc(N)cc1,,0.0
OC1(CCC2C3C(CCC12C)C1(C(CC(O)CC1)=CC3)C)C,,0.0
O(C)C12N(C3=C(C1COC(=O)N)C(=O)C(=N)C(C)=C3O)CC1N(C12)C,,0.0
OC(=O)CCC(=O)c1cc-2c(-c3c4c-2cccc4ccc3)cc1,,0.0
OC1(CCC2C3C(C4C(=CC(O)CC4)CC3)CCC12C)C#C,,0.0
Clc1ccc(N(C(=O)Cc2ccccc2)C2CCN(CC2)C(C)C)cc1,,0.0
Clc1ccc(cc1)C(Oc1ccc(cc1)C(F)(F)F)C(OCCNC(=O)C)=O,,0.0
O(C(=O)C)c1ccc(cc1)C1(c2c(NC1=O)cccc2)c1ccc(OC(=O)C)cc1,,0.0
S(O)(=O)(=O)c1ccc(N2NC(C(O)=O)=C(N=Nc3ccc(S(O)(=O)=O)cc3)C2=O)cc1,,0.0
O=C1C[C@@H]2CC[C@H]3[C@@H]4CC[C@@](O)(C)[C@]4(CC[C@@H]3[C@]2(C[C@H]1C)C)C,,1.0
S1c2c(N(c3c1cccc3)CCCN1CCN(CC1)CCO)cc(cc2)C(=O)CC,,0.0
Clc1cc\2c(Sc3c(cccc3)/C/2=C\CCCN2CCN(CC2)CCOC(=O)C)cc1,,0.0
Fc1cc2nc3C=4N(Cc3c3c2c(CC[C@@H]3N)c1C)C(=O)C1=C(C=4)[C@](O)(CC)C(OC1)=O,,1.0
Clc1cc2N(c3c(Sc2cc1)cccc3)CCCN1CCN(CC1)CCOC(=O)C,,0.0
O=C1CCC2(C3C(C4CCC(C(=O)COC(=O)C)C4(CC3)C)CCC2=C1)C,,0.0
O1CC(O)C(O)C1C(O)COC(=O)CCCCCCC\C=C\CCCCCCC,,0.0
P(Oc1ccc(cc1)/C(=C(\CC)/c1ccc(OP(O)(O)=O)cc1)/CC)(O)(O)=O,,0.0
O(C)c1cc2c(cc1OC)CCNC2CC1CC2N(CC1CC)CCc1cc(OC)c(OC)cc12,,0.0
OC(=O)CCCCCCCCCCCCCCCCC,,0.0
O(CC)c1ccc(cc1OC)Cc1nc(cc2c1cc(OC)c(OC)c2)C,,0.0
O=C1NC(=O)C(=C1c1c2c(n(c1)C)cc([N+](=O)[O-])cc2)c1c2c(n(c1)C)cccc2,,1.0
O(C)c1cc2C3N(CC(CC)C(C3)CC3NCCc4c3cc(OC)c(O)c4)CCc2cc1OC,,0.0
O1[C@@H](C)[C@@H](O)[C@@H](N2C[C@H](OCC2)OC)C[C@@H]1O[C@@H]1c2c(C[C@@](O)(C1)C(=O)CO)c(O)c1c(C(=O)c3c(cccc3OC)C1=O)c2O,,1.0
S(O)(=O)(=O)c1ccc(N=Nc2c3c(cc(S(O)(=O)=O)cc3)ccc2O)cc1,,0.0
FC(F)(F)c1ccc(cc1NC(=O)C1CCC2C1(CCC1C2(CCC2NC(=O)C=CC12C)C)C)C(F)(F)F,,0.0
O1C(O)(COC(=O)c2cccnc2)C(OC(=O)c2cccnc2)C(OC(=O)c2cccnc2)C1COC(=O)c1cccnc1,,0.0
O1[C@H](C)[C@H](C)[C@H](O)[C@@H](C)C(=O)[C@]2(OC2)C[C@H](C)[C@H](O[C@@H]2O[C@@H](C[C@H](N(C)C)[C@H]2O)C)[C@@H](C)[C@H](O[C@@H]2O[C@@H](C)[C@H](O)[C@@H](OC)C2)[C@@H](C)C1=O,,0.0
O1[C@H]([C@@H](OCc2ccccc2)COCc2ccccc2)[C@H](OCc2ccccc2)[C@@H](O)C1OCC,,0.0
O1c2c(CCC1(CCCC(CCCC(CCCC(C)C)C)C)C)c(C)c(OC(=O)CCC(O)=O)c(C)c2C,,0.0
O=C1CCC(C)(C)C(\C=C\C(=C\C=C\C(=C\C=C\C=C(\C=C\C=C(\C=C\C2=C(C)C(=O)CCC2(C)C)/C)/C)\C)\C)=C1C,,0.0
S1C[C@H](N(C1)C(=O)[C@@H](O)[C@@H](NC(=O)[C@@H](NC(=O)COc1c2c(ccc1)cncc2)CSC)Cc1ccccc1)C(=O)NC(C)(C)C,,1.0
OC1c2c(CC1NC(=O)C(Cc1ccccc1)CC(O)CN1CCN(CC1C(=O)NC(C)(C)C)Cc1cccnc1)cccc2,,1.0
O1C(C)C(O)C(N)CC1OC1CC(O)(Cc2c1c(O)c1c(C(=O)c3c(C1=O)c(OC)ccc3)c2O)/C(=N/NC(=O)c1ccccc1)/C,,0.0
Clc1c(O)c(Cl)c(Cl)c(Cl)c1Cl,,0.0
O(C(=O)C)C\C=C(\C=C\C=C(\C=C\C=1C(CCCC=1C)(C)C)/C)/C,,0.0
S(O)(=O)(=O)c1cc2c(ccc(S(O)(=O)=O)c2)c(N=Nc2c3c(cccc3)c(S(O)(=O)=O)cc2)c1O,,0.0
ClC12C(C3CC(C)C(C(=O)COC(=O)C(C)(C)C)C3(CC1O)C)CC(F)C1=CC(C=CC12C)=C,,0.0
O1C(C)C(O)C(O)C(O)C1OC1CCC2(C3C(CCC2=C1)C1(O)CCC(C1(CC3)C)C=1C=CC(OC=1)=O)C,,0.0
O(C)C1C(C2C(CC1OC(=O)c1cc(OC)c(OC(OCC)=O)c(OC)c1)CN1C(C2)c2[nH]c3cc(OC)ccc3c2CC1)C(OC)=O,,0.0
O(C(=O)C1C2(C(C=3N=C2C=C2N=C(C=c4[nH]c(=Cc5[nH]c(C=3)c(C)c5C=C)c(C)c4CCC(O)=O)C(CCC(O)=O)=C2C)=CC=C1C(OC)=O)C)C,,0.0
Clc1cc(Nc2ncnc3c2cc(NC(=O)\C=C\CN(C)C)c(O[C@H]2CCOC2)c3)ccc1F,,1.0
ClC(Cl)(Cl)C,1 1 1-trichloroethane,1.0
ClC(Cl)CCl,1 1 2-trichloroethane,1.0
N(N)(C)C,1 1-dimethylhydrazine,1.0
ClC\C=C\Cl,1 3-dichloropropene,1.0
O=C1N(C)C(=O)CC1c1ccccc1,1-13c-caprylic acid,0.0
O=C1CCC2C3C(C4C(=CC(=O)CC4)CC3)CCC12C,19-norandrostenedione,0.0
Oc1ccc([N+](=O)[O-])cc1[N+](=O)[O-],2 4-dinitrophenol,1.0
FC(F)(CCC)C,2 2-difluoropentane,0.0
Clc1cc2Oc3cc(Cl)c(Cl)cc3Oc2cc1Cl,2 3 7 8-tetrachlorodibenzo-p-dioxin,0.0
O(CCO)CC,2-ethoxyethanol,1.0
Oc1cc2c(cc1)cccc2,2-naphthol,1.0
O=[N+]([O-])C(C)C,2-nitropropane,1.0
Clc1cc(N2C(=O)CCC2=O)ccc1Cl,3 4-dichlorophenyl succinimide,0.0
Clc1cc(N2C(=O)CCC2=O)cc(Cl)c1,3 5-dichlorophenyl succinimide,1.0
Clc1cc(N)cc(Cl)c1O,4-aminophenol  4-amino-2  6-dichlorophenol,0.0
O1c2c(C=CC1=O)c(OC)c1c(occ1)c2,5-methoxypsoralen,1.0
OC(C#N)(C)C,Acetone cyanohydrin,1.0
S1c2c(N(c3c1cccc3)CCCN1CCN(CC1)CCO)cc(cc2)C(=O)C,Acetophenazine,1.0
O(C)c1cc(C)c(\C=C\C(=C\C=C\C(=C/C(O)=O)\C)\C)c(C)c1C,Acitretin,1.0
P(OCOC(=O)C(C)(C)C)(OCOC(=O)C(C)(C)C)(=O)COCCn1c2ncnc(N)c2nc1,Adefovir dipivoxil,1.0
O(C)c1cc(OC)ccc1\C=C\1/CCCN=C/1c1cccnc1,Afelimomab,1.0
S(C(=O)C)C[C@H](C(=O)N1CCC[C@H]1C(=O)N[C@@H](Cc1ccccc1)C(O)=O)C,Alacepril,1.0
ClC=1[C@@]2(Cl)[C@@H]3[C@@H]([C@H]4C=C[C@@H]3C4)[C@@](Cl)(C=1Cl)C2(Cl)Cl,Aldrin,1.0
Fc1ccc(cc1)C(N1CCN(CC1)c1nc(nc(n1)NCC=C)NCC=C)c1ccc(F)cc1,Almitrine,1.0
Clc1cc2c(-n3c(nnc3C)CN=C2c2ccccc2)cc1,Alprazolam,1.0
Oc1cc(ccc1)[C@@]1(CCN(C[C@@H]1C)C[C@H](Cc1ccccc1)C(=O)NCC(O)=O)C,Alvimopan,1.0
S1[C@H]2N([C@@H](C(O)=O)C1(C)C)C(=O)[C@H]2\N=C\N1CCCCCC1,Amdinocillin,1.0
OC(=O)CCC(=O)CN,Aminolevulinic acid,1.0
S=C(N\N=C\c1ccc(NC(=O)C)cc1)N,Amithiozone,1.0
O=C1N(CCN(C)C)C(=O)c2c3c1cc(N)cc3ccc2,Amonafide,1.0
Fc1ccc(cc1)[C@H]1N(CCO[C@H]1O[C@H](C)c1cc(cc(c1)C(F)(F)F)C(F)(F)F)CC=1NC(=O)NN=1,Aprepitant,1.0
Oc1cc(ccc1O)[C@@H](O)CNCCCCc1ccc(O)cc1,Arbutamine,0.0
S1SCC(NC(=O)C(NC(=O)C(NC(=O)C(NC(=O)C(NC(=O)C(N)C1)Cc1ccc(O)cc1)Cc1ccccc1)CCC(=O)N)CC(=O)N)C(=O)N1CCCC1C(=O)NC(CCC\N=C(\N)/N)C(=O)NCC(=O)N,Argipressin,0.0
Clc1ccc(cc1)C1CCC(CC1)C=1C(=O)C(=O)c2c(cccc2)C=1O,Atovaquone,1.0
Clc1nc(nc(n1)NCC)NC(C)C,Atrazine,1.0
S1C[C@@H](N=C1[C@@H](N)[C@@H](CC)C)C(=O)N[C@@H](CC(C)C)C(=O)N[C@H](CCC(O)=O)C(=O)N[C@@H]([C@@H](CC)C)C(=O)N[C@@H]1CCCCNC(=O)[C@H](NC(=O)[C@H](NC(=O)[C@H](NC(=O)[C@@H](NC(=O)[C@@H](NC(=O)[C@@H](NC1=O)CCCN)[C@@H](CC)C)Cc1ccccc1)Cc1[nH]cnc1)CC(O)=O)CC(=O)N,Bacitracin,0.0
O=C1C=C/C(=N\Nc2ccc(cc2)C(=O)NCCC(O)=O)/C=C1C(O)=O,Balsalazide,0.0
O(CCCC)c1cc(ccc1N)C(OCCN(CC)CC)=O,Benoxinate,0.0
S1C2=C(C=3C1=NC(=O)CNC=3c1ccccc1)CCCC2,Bentazepam,1.0
Clc1cc(ccc1N=N[C@H](C(=O)C)C(=O)Nc1ccccc1)-c1cc(Cl)c(N=N[C@H](C(=O)C)C(=O)Nc2ccccc2)cc1,Benzidine,1.0
N(=C(\NCc1ccccc1)/NC)/C,Bethanidine,0.0
Oc1ccc(cc1)C[C@H](NC(=O)[C@@H](NC(=O)[C@@H](NC(=O)[C@H]1N(CCC1)C(=O)[C@@H](NC(=O)[C@@H](NC(=O)[C@@H](NC(=O)[C@@H](NC(=O)[C@@H](NC(=O)CNC(=O)[C@@H](NC(=O)CNC(=O)CNC(=O)CNC(=O)CNC(=O)[C@H]1N(CCC1)C(=O)[C@@H](NC(=O)[C@H]1N(CCC1)C(=O)[C@H](N)Cc1ccccc1)CCCNC(N)=N)CC(=O)N)CC(O)=O)Cc1ccccc1)CCC(O)=O)CCC(O)=O)[C@H](CC)C)CCC(O)=O)CCC(O)=O)C(=O)N[C@@H](CC(C)C)C(O)=O,Bivalirudin,0.0
BrC(Cl)Cl,Bromodichloromethane,1.0
BrC(Br)Br,Bromoform,1.0
BrC1=C(N=C(NC1=O)N)c1ccccc1,Bropirimine,1.0
BrC1=CN([C@@H]2O[C@H](CO)[C@@H](O)C2)C(=O)NC1=O,Broxuridine,1.0
Clc1ccc(cc1)[C@H](N1CCN(CC1)Cc1ccc(cc1)C(C)(C)C)c1ccccc1,Buclizine,0.0
O[C@@H]1C\C(=C\C=C/2\[C@@H]3CC[C@H]([C@@H](CCCC(O)(C)C)C)[C@]3(CCC\2)C)\C(CC1)=C,Calcifediol,0.0
O[C@H]1C[C@H](O)C\C(=C\C=C/2\[C@@H]3CC[C@H]([C@@H](\C=C\[C@@H](O)C4CC4)C)[C@]3(CCC\2)C)\C1=C,Calcipotriene,0.0
O[C@H]1C[C@H](O)C\C(=C\C=C/2\[C@@H]3CC[C@H]([C@@H](CCCC(O)(C)C)C)[C@]3(CCC\2)C)\C1=C,Calcitriol,0.0
O(C(O[C@@H](OC(=O)c1c2n(Cc3ccc(cc3)-c3ccccc3-c3nn[nH]n3)c(OCC)nc2ccc1)C)=O)C1CCCCC1,Candesartan cilexetil,1.0
O=C1NCCCCC1,Caprolactam,1.0
ClC(Cl)(SN1C(=O)[C@H]2[C@@H](CC=CC2)C1=O)C(Cl)Cl,Captafol,1.0
O(CCNC[C@@H](O)COc1c2c3c([nH]c2ccc1)cccc3)c1ccccc1OC,Carvedilol,1.0
ClC=1CS[C@H]2N(C=1C(O)=O)C(=O)[C@H]2NC(=O)[C@H](N)c1ccccc1,Cefaclor,1.0
s1c(nnc1SCC=1CS[C@@H]2N(C=1C(O)=O)C(=O)[C@H]2NC(=O)Cn1nnnc1)C,Cefazolin,1.0
s1cnc(C)c1\C=C/C=1CS[C@H]2N(C=1C(OCOC(=O)C(C)(C)C)=O)C(=O)[C@H]2NC(=O)\C(=N/OC)\c1nc(sc1)N,Cefditoren pivoxil,1.0
s1cc(nc1N)/C(=N\OCC(O)=O)/C(=O)N[C@H]1[C@H]2SCC(C=C)=C(N2C1=O)C(O)=O,Cefixime,1.0
s1cc(nc1N)/C(=N/OC)/C(=O)N[C@H]1[C@H]2SCC(CSc3nnnn3C)=C(N2C1=O)C(O)=O,Cefmenoxime,1.0
s1c(CC(O)=O)c(nc1SCC=1CS[C@H]2N(C=1C(O)=O)C(=O)[C@H]2NC(=O)\C(=N/OC)\c1nc(sc1)N)C,Cefodizime,1.0
s1cc(nc1N)/C(=N/OC)/C(=O)N[C@@H]1[C@@H]2SCC(COC(=O)C)=C(N2C1=O)C(O)=O,Cefotaxime,1.0
s1cc(nc1N)/C(=N/OC)/C(=O)N[C@H]1[C@H]2SCC(COC)=C(N2C1=O)C(O[C@@H](OC(OC(C)C)=O)C)=O,Cefpodoxime proxetil,0.0
s1cc(nc1N)/C(=C/CC(O)=O)/C(=O)N[C@H]1[C@H]2SCC=C(N2C1=O)C(O)=O,Ceftibuten,1.0
S1[C@H]2N(C(C(O)=O)=C(C1)COC(=O)N)C(=O)[C@H]2NC(=O)\C(=N/OC)\c1occc1,Cefuroxime,1.0
S1[C@H]2N(C(C(O)=O)=C(C1)C)C(=O)[C@H]2NC(=O)[C@H](N)c1ccccc1,Cephalexin,1.0
S(Oc1ccc(cc1)C[C@H](N)C(=O)N[C@@H]([C@H](O)C)C(=O)NCC(=O)N[C@@H](Cc1c2c([nH]c1)cccc2)C(=O)N[C@H](CCCC)C(=O)N[C@@H](CC(O)=O)C(=O)N[C@@H](Cc1ccccc1)C(=O)N)(O)(=O)=O,Ceruletide,0.0
Clc1ccc(cc1)CSc1ccc(Cl)cc1,Chlorbenside,1.0
ClC=1C=CC2=N\C(=N/C)\CN(O)C(=C2C=1)c1ccccc1,Chlordiazepoxide,1.0
ClCc1ccccc1,Chlorotoluene,1.0
Clc1cc\2c(Sc3c(cccc3)/C/2=C\CCN(C)C)cc1,Chlorprothixene,1.0
Clc1c2c(C(O)=C3[C@H](C[C@@H]4[C@@](O)(C(=O)\C(=C(/O)\N)\C(=O)[C@H]4N(C)C)C3=O)[C@@]2(O)C)c(O)cc1,Chlortetracycline,1.0
O(C(=O)C=1[C@@H](C(C(OC\C=C\c2ccccc2)=O)=C(NC=1C)C)c1cc([N+](=O)[O-])ccc1)CCOC,Cilnidipine,1.0
Clc1c(cccc1Cl)[C@H]1C(C(OCOC(=O)CCC)=O)=C(NC(C)=C1C(OC)=O)C,Clevidipine,0.0
Cl[C@@]12[C@H]([C@@H]3C[C@@H](C)[C@H](C(=O)CO)[C@]3(C[C@@H]1O)C)C[C@H](F)C1=CC(=O)C=C[C@@]12C,Clocortolone,0.0
Clc1cc2c(NC(=O)[C@H](N=C2c2ccccc2)C(O)=O)cc1,Clorazepate,1.0
Clc1ccc(cc1)/C(=N/OCCN)/CCCCOC,Clovoxamine,1.0
Clc1cc2NC(N3CCN(CC3)C)=C3C(=Nc2cc1)C=CC=C3,Clozapine,1.0
O=C(N1CCc2[nH]c(nc2-c2c1cccc2)C)c1ccc(NC(=O)c2ccccc2-c2ccccc2)cc1,Conivaptan,0.0
S(CC[C@H](NC(=O)[C@@H](NC(=O)[C@@H](NC(=O)[C@@H](N)CO)Cc1ccc(O)cc1)CO)C(=O)N[C@@H](CCC(O)=O)C(=O)N[C@@H](Cc1[nH]cnc1)C(=O)N[C@@H](Cc1ccccc1)C(=O)N[C@@H](CCCNC(N)=N)C(=O)N[C@@H](Cc1c2c([nH]c1)cccc2)C(=O)NCC(=O)N[C@@H](CCCCN)C(=O)N1CCC[C@H]1C(=O)N[C@@H](C(C)C)C(=O)NCC(=O)N[C@@H](CCCCN)C(=O)N[C@@H](CCCCN)C(=O)N[C@@H](CCCNC(N)=N)C(=O)N[C@@H](CCCNC(N)=N)C(=O)N1CCC[C@H]1C(=O)N[C@@H](C(C)C)C(=O)N[C@@H](CCCCN)C(=O)N[C@@H](C(C)C)C(=O)N[C@@H](Cc1ccc(O)cc1)C(=O)N1CCC[C@H]1C(=O)N[C@@H](CC(=O)N)C(=O)NCC(=O)N[C@H](C(=O)N[C@@H](CCC(O)=O)C(=O)N[C@@H](CC(O)=O)C(=O)N[C@@H](CCC(O)=O)C(=O)N[C@H](C(=O)N[C@H](C(=O)N[C@@H](CCC(O)=O)C(=O)N[C@H](C(=O)N[C@@H](Cc1ccccc1)C(=O)N1CCC[C@H]1C(=O)N[C@@H](CC(C)C)C(=O)N[C@@H](CCC(O)=O)C(=O)N[C@@H](Cc1ccccc1)C(O)=O)C)C)CO)C)C,Corticotropin,0.0
S(CC[C@H](NC(=O)[C@@H](NC(=O)[C@@H](NC(=O)[C@H](N)CO)Cc1ccc(O)cc1)CO)C(=O)N[C@@H](CCC(O)=O)C(=O)N[C@@H](Cc1nc[nH]c1)C(=O)N[C@@H](Cc1ccccc1)C(=O)N[C@@H](CCCNC(N)=N)C(=O)N[C@@H](Cc1c2c([nH]c1)cccc2)C(=O)NCC(=O)N[C@@H](CCCCN)C(=O)N1CCC[C@H]1C(=O)N[C@@H](C(C)C)C(=O)NCC(=O)N[C@H](CCCCN)C(=O)N[C@H](CCCCN)C(=O)N[C@H](CCCNC(N)=N)C(=O)N[C@H](CCCNC(N)=N)C(=O)N1CCC[C@H]1C(=O)N[C@@H](C(C)C)C(=O)N[C@@H](CCCCN)C(=O)N[C@@H](C(C)C)C(=O)N[C@@H](Cc1ccc(O)cc1)C(=O)N1CCC[C@H]1C(O)=O)C,Cosyntropin,0.0
Oc1ccc(cc1)C,Cresol,1.0
P(O[C@H]1[C@@H](O)[C@H](O[C@@H]1CO)n1c2cc(C)c(cc2nc1)C)(O[C@@H](CNC(=O)CC[C@]1(/C=2/N=C([C@]3(N=C([C@@H](CCC(=O)N)[C@]3(CC(=O)N)C)\C(=C\3/N=C(\C=C\4/N=C([C@H](CCC(=O)N)C/4(C)C)\C=2\C)[C@H](CCC(=O)N)[C@]/3(CC(=O)N)C)\C)C)[C@@H]1CC(=O)N)C)C)(O)=O,Cyanocobalamin,0.0
O=C(N)C/1=NC=N\C\1=N/NN(C)C,Dacarbazine,1.0
OCCN(C)C,Deanol,0.0
O1[C@H](CO)[C@@H](O)C[C@@H]1N1C=NC(=NC1=O)N,Decitabine,1.0
O=C/1C=CC=C\C\1=C/1\N\C(\NN\1c1ccc(cc1)C(O)=O)=C\1/C=CC=CC/1=O,Deferasirox,1.0
O(CC)C(=O)[C@@H](N[C@H](C(=O)N(CC(O)=O)C1Cc2c(C1)cccc2)C)CCc1ccccc1,Delapril,1.0
Clc1c2c(C(O)=C3[C@H](C[C@@H]4[C@@](O)(C(=O)\C(=C(\O)/N)\C(=O)[C@H]4N(C)C)C3=O)[C@@H]2O)c(O)cc1,Demeclocycline,1.0
O(C)c1c(OC)cc(cc1OC)C(O[C@@H]1C[C@H]2[C@H](C[C@H]3N(CCc4c5c([nH]c34)cccc5)C2)[C@H](C(OC)=O)[C@H]1OC)=O,Deserpidine,0.0
O1CC(=CC1=O)[C@H]1CC[C@]2(O)[C@H]3[C@H](C[C@@H](O)[C@]12C)[C@@]1([C@@H](C[C@@H](O[C@@H]2O[C@H](C)[C@@H](O[C@@H]4O[C@H](C)[C@@H](O[C@@H]5O[C@H](C)[C@@H](O[C@@H]6O[C@H](CO)[C@@H](O)[C@H](O)[C@H]6O)[C@@H](O)C5)[C@@H](O)C4)[C@@H](O)C2)CC1)CC3)C,Deslanoside,0.0
Clc1cc2c(N(C)C(=O)CN=C2c2ccccc2)cc1,Diazepam,1.0
O=C1C(N2CC2)=C(NC(OCC)=O)C(=O)C(N2CC2)=C1NC(OCC)=O,Diaziquone,1.0
Clc1cc2S(=O)(=O)N=C(Nc2cc1)C,Diazoxide,1.0
BrC[C@H](Br)CCl,Dibromochloropropane,1.0
O1c2c(cccc2)C(=O)C(CC=2C(=O)c3c(OC=2O)cccc3)=C1O,Dicumarol,0.0
Oc1ccc(cc1)/C(=C(\CC)/c1ccc(O)cc1)/CC,Diethylstilbestrol,1.0
S1c2c(N(CCN(C)C)C(=O)[C@H](OC(=O)C)[C@@H]1c1ccc(OC)cc1)cccc2,Diltiazem,1.0
O[C@H]1C[C@@H](O)[C@H](\C=C\[C@@H](O)CCCCC)[C@H]1C\C=C/CCCC(O)=O,Dinoprost,0.0
O1CCOCC1,Dioxane,1.0
S(c1ccccc1)c1ccccc1,Diphenyl,1.0
Clc1cc(Cl)ccc1OCCOS(O)(=O)=O,Disul-sodium,1.0
OC1=C2[C@@H]([C@H](c3c1c(O)ccc3)C)[C@H](O)[C@@H]1[C@@](O)(C(=O)\C(=C(/O)\N)\C(=O)[C@H]1N(C)C)C2=O,Doxycycline,1.0
OC(=O)CC[C@H](NC(=O)c1ccc(cc1)[C@@H](Cc1nc2c(nc(nc2N)N)nc1)CC)C(O)=O,Edatrexate,1.0
Fc1cc2c(nc1N1CCNCC1)N(C=C(C(O)=O)C2=O)CC,Enoxacin,1.0
O=C1NC(=Nc2n(cnc12)[C@H]1C[C@H](O)[C@@H](CO)C1=C)N,Entecavir,1.0
S1/C(=C\C(=C\c2ccccc2)\C)/C(=O)N(CC(O)=O)C1=S,Epalrestat,1.0
S1SCCC(=O)N[C@@H](CCCC\N=C(\N)/N)C(=O)NCC(=O)N[C@@H](CC(O)=O)C(=O)N[C@@H](Cc2c3c([nH]c2)cccc3)C(=O)N2[C@@H](CCC2)C(=O)N[C@@H](C1)C(=O)N,Eptifibatide,0.0
OCCNC(=O)Cn1ccnc1[N+](=O)[O-],Etanidazole,1.0
O(C(=O)N)C1(CCCCC1)C#C,Ethinamate,0.0
BrCC,Ethyl bromide,1.0
ClCC,Ethyl chloride,1.0
ClCCO,Ethylene chlorohydrin,1.0
BrCCBr,Ethylene dibromide,1.0
ClCCCl,Ethylene dichloride,1.0
NCCN,Ethylenediamine,1.0
N1CC1,Ethylenimine,1.0
ClC(Cl)C,Ethylidene chloride,1.0
O(C)c1cc(C)c(\C=C\C(=C\C=C\C(=C/C(OCC)=O)\C)\C)c(C)c1C,Etretinate,1.0
Clc1c(C)c(C(O[C@@H]2[C@H](O[C@@H](O[C@@H]3[C@H](O[C@]4(O[C@]5([C@H](O4)[C@H](O[C@@H](O[C@H]4[C@@H](OC)[C@H](O[C@@H](O[C@H]6[C@H](O)[C@H](OC)[C@@H](O[C@@H]6COC)O[C@@H]6OC[C@@H]7O[C@]8(OC[C@@H](OC(=O)c9c(cc(O)cc9O)C)[C@@H]9OCO[C@@H]89)O[C@H]7[C@H]6O)[C@@H]4O)C)[C@H]5O)C)C)C[C@H]3O)C)C[C@H]2O[C@@H]2O[C@@H](C)[C@H](OC)[C@@]([N+](=O)[O-])(C2)C)C)=O)c(OC)c(Cl)c1O,Evernimicin,1.0
S(=O)(=O)(C)c1ccc(cc1)\C=C\1/c2c(cc(F)cc2)C(CC(O)=O)=C/1C,Exisulind,1.0
OC(=O)CCC(=O)c1ccc(cc1)-c1ccccc1,Fenbufen,1.0
Clc1ccc(cc1)-c1nc(sc1CC(O)=O)-c1ccccc1,Fentiazac,1.0
Fc1c2N(C=C(C(O)=O)C(=O)c2cc(F)c1N1CCN(CC1)C)CCF,Fleroxacin,1.0
Clc1cccc(F)c1-c1noc(C)c1C(=O)N[C@H]1[C@H]2SC(C)(C)[C@@H](N2C1=O)C(O)=O,Floxacillin,1.0
Fc1cc2c3N(C=C(C(O)=O)C2=O)[C@@H](CCc3c1)C,Flumequine,1.0
FCC(O)=O,Fluoroacetic acid,1.0
[nH]1ncc(c1)C,Fomepizole,1.0
OC1=C2CC[C@H]3[C@@H]4CCC(=O)[C@]4(CC[C@@H]3[C@]2(CCC1=O)C)C,Formestane,0.0
P(O)(O)(=O)N1N=C(NC1=O)CN1CCO[C@H](O[C@H](C)c2cc(cc(c2)C(F)(F)F)C(F)(F)F)[C@@H]1c1ccc(F)cc1,Fosaprepitant,1.0
P(O)(O)(=O)[C@H]1O[C@H]1C,Fosfomycin,1.0
P(OCOc1c(cccc1C(C)C)C(C)C)(O)(O)=O,Fospropofol,0.0
S(=O)(CCCC(F)(F)C(F)(F)F)CCCCCCCCC[C@H]1[C@H]2[C@@H]3CC[C@H](O)[C@]3(CC[C@@H]2c2c(cc(O)cc2)C1)C,Fulvestrant,0.0
O(C(=O)C)[C@H]/1C[C@]2([C@@H](C[C@@H](O)[C@@H]3[C@@]2(CC[C@H]2[C@H](C)[C@H](O)CC[C@@]23C)C)\C\1=C(/CC\C=C(\C)/C)\C(O)=O)C,Fusidic,1.0
OC(=O)CN1CCN(CCN(CCN(CC1)CC(O)=O)C[C@H](O)C)CC(O)=O,Gadoteridol,0.0
O(CC)c1ccc(cc1)C[C@@H](N(CC(O)=O)CC(O)=O)CN(CCN(CC(O)=O)CC(O)=O)CC(O)=O,Gadoxetate,1.0
Clc1ccc(cc1)C[C@H](NC(=O)[C@H](NC(=O)C)Cc1cc2c(cc1)cccc2)C(=O)N[C@@H](Cc1cccnc1)C(=O)N[C@@H](C(=O)N[C@H](Cc1ccc(O)cc1)C(=O)N[C@H](CCCC\N=C(\NCC)/NCC)C(=O)N[C@@H](CC(C)C)C(=O)N[C@@H](CCCC\N=C(\NCC)/NCC)C(=O)N1CCC[C@H]1C(=O)N[C@@H](C(=O)N)C)CO,Ganirelix,0.0
Fc1cc2c(N(C=C(C(O)=O)C2=O)C2CC2)c(OC)c1N1C[C@H](NCC1)C,Gatifloxacin,1.0
FC1(F)[C@H](O)[C@H](O[C@H]1N1C=CC(=NC1=O)N)CO,Gemcitabine,1.0
O1[C@H](O[C@H]2[C@H](O)[C@@H](O[C@H]3OC[C@@](O)(C)[C@H](NC)[C@H]3O)[C@H](N)C[C@@H]2N)[C@H](N)CC[C@H]1CN,Gentamicin,0.0
S(CC[C@H](NC(=O)[C@@H](NC(=O)[C@@H](NC(=O)[C@@H](NC(=O)[C@@H](NC(=O)[C@@H](NC(=O)[C@@H](NC(=O)[C@@H](NC(=O)[C@@H](NC(=O)[C@@H](NC(=O)[C@@H](NC(=O)[C@@H](NC(=O)[C@@H](NC(=O)[C@@H](NC(=O)[C@@H](NC(=O)[C@@H](NC(=O)[C@@H](NC(=O)[C@@H](NC(=O)[C@@H](NC(=O)[C@@H](NC(=O)[C@@H](NC(=O)[C@@H](NC(=O)[C@@H](NC(=O)CNC(=O)[C@@H](NC(=O)[C@@H](NC(=O)[C@@H](N)Cc1[nH]cnc1)CO)CCC(=O)N)[C@H](O)C)Cc1ccccc1)[C@H](O)C)CO)CC(O)=O)Cc1ccc(O)cc1)CO)CCCCN)Cc1ccc(O)cc1)CC(C)C)CC(O)=O)CO)CCCNC(N)=N)CCCNC(N)=N)C)CCC(=O)N)CC(O)=O)Cc1ccccc1)C(C)C)CCC(=O)N)Cc1c2c([nH]c1)cccc2)CC(C)C)C(=O)N[C@@H](CC(=O)N)C(=O)N[C@@H]([C@H](O)C)C(O)=O)C,Glucagon,0.0
OC(=O)[C@@H](N)CCC(=O)N,Glutamine,1.0
Oc1ccc(cc1)C[C@@H](NC(=O)[C@H](NC(=O)[C@@H](NC(=O)[C@@H](NC(=O)[C@H]1NC(=O)CC1)Cc1[nH]cnc1)Cc1c2c([nH]c1)cccc2)CO)C(=O)NCC(=O)N[C@H](CC(C)C)C(=O)N[C@H](CCC\N=C(\N)/N)C(=O)N1CCC[C@H]1C(=O)NCC(=O)N,Gonadorelin,0.0
Oc1ccc(cc1)C[C@@H](NC(=O)[C@H](NC(=O)[C@@H](NC(=O)[C@@H](NC(=O)[C@H]1NC(=O)CC1)Cc1[nH]cnc1)Cc1c2c([nH]c1)cccc2)CO)C(=O)N[C@@H](C(=O)N[C@H](CC(C)C)C(=O)N[C@H](CCC\N=C(\N)/N)C(=O)N1CCC[C@H]1C(=O)NNC(=O)N)COC(C)(C)C,Goserelin,0.0
O1[C@@H](COC12CCCCC2)C\N=C(\N)/N,Guanadrel,0.0
ClCC(=O)[C@]1(OC(=O)CC)[C@]2([C@@H]([C@@H]3C[C@H](F)C4=CC(=O)C=C[C@]4(C)[C@@]3(F)[C@H](O)C2)C[C@@H]1C)C,Halobetasol,0.0
Clc1cc(Cl)cc2c1cc(c1c2cc(cc1)C(F)(F)F)[C@@H](O)CCN(CCCC)CCCC,Halofantrine,1.0
S(O)(=O)(=O)N[C@H]1[C@H](OS(O)(=O)=O)[C@H](O[C@H]2O[C@H](C(O)=O)[C@@H](O)[C@@H](O)[C@H]2OS(O)(=O)=O)[C@H](O[C@H]1O[C@H]1[C@H](O)[C@H](OS(O)(=O)=O)[C@@H](O[C@@H]1C(O)=O)O[C@H]1[C@H](O)[C@H](NC(=O)C)[C@@H](O[C@@H]1COS(O)(=O)=O)O)CO,Heparin,1.0
ClC=1[C@]2(Cl)[C@H]3[C@H](C=C[C@H]3Cl)[C@](Cl)(C=1Cl)C2(Cl)Cl,Heptachlor,1.0
Clc1c(Cc2c(O)c(Cl)cc(Cl)c2Cl)c(O)c(Cl)cc1Cl,Hexachlorophene,0.0
[nH]1cncc1CCN,Histamine,0.0
o1cccc1CNc1ncnc2nc[nH]c12,Hyaluronidase,0.0
O(C)c1cc2c(nccc2[C@H](O)[C@@H]2N3C[C@@H]([C@H](C2)CC3)CC)cc1,Hydroquinidine,1.0
Clc1ccc(cc1)C(N1CCN(CC1)CCOCCOC(=O)c1cc2c(cccc2)c(Cc2c3c(cc(C(O)=O)c2O)cccc3)c1O)c1ccccc1,Hydroxyzine Pamoate,1.0
IC1=CN([C@@H]2O[C@H](CO)[C@@H](O)C2)C(=O)NC1=O,Idoxuridine,1.0
O=C1NC=C(C=C1N)c1ccncc1,Inamrinone,1.0
C1C=Cc2c1cccc2,Indene,1.0
Ic1cc(ccc1)C\N=C(\N)/N,Iobenguane i 131,1.0
IC(I)I,Iodoform,1.0
Ic1ccccc1[C@H](CCCCCCCCC(OCC)=O)C,Iophendylate,0.0
Ic1c(C(=O)N[C@@H]([C@H](O)CO)CO)c(I)c(N(C(=O)CC(=O)N(C)c2c(I)c(C(=O)N[C@@H]([C@H](O)CO)CO)c(I)c(C(=O)N[C@@H]([C@H](O)CO)CO)c2I)C)c(I)c1C(=O)N[C@@H]([C@H](O)CO)CO,Iotrolan,0.0
O1CC2=C(C=C3N(Cc4c3nc3c(cc(OC(=O)N5CCC(N6CCCCC6)CC5)cc3)c4CC)C2=O)[C@@](O)(CC)C1=O,Irinotecan,1.0
P(F)(OC(C)C)(OC(C)C)=O,Isoflurophate,0.0
O1[C@@H]2C[C@@]3(O[C@H]([C@H](CC)C)[C@H](CC3)C)O[C@H](C\C=C(\C)/[C@H](O[C@@H]3O[C@@H](C)[C@H](O[C@@H]4O[C@@H](C)[C@H](O)[C@@H](OC)C4)[C@@H](OC)C3)[C@H](\C=C\C=C/3\CO[C@@H]4[C@H](O)C(=C[C@H]([C@]\34O)C1=O)C)C)C2,Ivermectin,1.0
OC(=O)[C@H](C)c1cc(ccc1)C(=O)c1ccccc1,Ketoprofen,1.0
Clc1ccc(nc1)C(=O)NCCN,Lazabemide,1.0
Oc1ccc(cc1)C[C@H](NC(=O)[C@H](NC(=O)[C@@H](NC(=O)[C@@H](NC(=O)[C@H]1NC(=O)CC1)Cc1[nH]cnc1)Cc1c2c([nH]c1)cccc2)CO)C(=O)N[C@H](C(C)C)C(=O)N[C@@H](C(C)C)C(=O)N[C@@H](CCC\N=C(\N)/N)C(=O)N1CCC[C@H]1C(=O)NCC,Leuprolide,1.0
Clc1cc(ccc1)[C@@H](n1ccnc1)c1cc2[nH]cnc2cc1,Liarozole,1.0
Clc1cc(Cl)ccc1Cn1nc(c2c1cccc2)C(O)=O,Lonidamine,1.0
O=[N+]([O-])c1cc(N)ccc1,M-nitroaniline,1.0
Clc1ccc(cc1)[C@]1(O)N2C(=NCC2)c2c1cccc2,Mazindol,0.0
ClCCC(N)CCCl,Mechlorethamine,0.0
O=C1CC[C@@]2([C@@H]3[C@H]([C@@H]4CC[C@](O)(C(=O)C)[C@]4(CC3)C)C[C@@H](C2=C1)C)C,Medroxyprogesterone,1.0
FC(F)(F)c1c2nc(cc(c2ccc1)[C@H](O)[C@@H]1NCCCC1)C(F)(F)F,Mefloquine,1.0
s1c(cnc1N/C(/O)=C/1\N(S(=O)(=O)c2c(cccc2)C\1=O)C)C,Meloxicam,1.0
O(Cc1ccccc1)C(=O)NC[C@@H]1C[C@H]2[C@H](N(C1)C)Cc1c3c2cccc3n(c1)C,Metergoline,1.0
N(=C(\N)/N)/C(N(C)C)=N,Metformin,1.0
O=C(C(C[C@H](N(C)C)C)(c1ccccc1)c1ccccc1)CC,Methadone,1.0
S1c2c(N(c3c1cccc3)C[C@H]1CCN(C1)C)cccc2,Methdilazine,1.0
O=C1C=C(C)[C@]2([C@H](C1)CC[C@@H]1[C@@H]2CC[C@]2([C@H]1CC[C@@H]2OC(=O)C)C)C,Methenolone,1.0
S(\C(=N\OC(=O)NC)\C)C,Methomyl,1.0
O1c2c(C=CC1=O)cc1c(occ1)c2OC,Methoxsalen,1.0
ClC(Cl)(Cl)C(c1ccc(OC)cc1)c1ccc(OC)cc1,Methoxychlor,1.0
ClC,Methyl chloride,1.0
N(C)c1ccccc1,Methylaniline,1.0
S(C)C1=NN=C(C(C)(C)C)C(=O)N1N,Metribuzin,1.0
OC1=C2[C@@H](Cc3c1c(O)ccc3N(C)C)C[C@@H]1[C@@](O)(C(=O)\C(=C(/O)\N)\C(=O)[C@H]1N(C)C)C2=O,Minocycline,1.0
ON1C(N)=CC(=NC1=N)N1CCCCC1,Minoxidil,1.0
O1[C@@H](C\C=C\C=C\[C@H](OC(=O)C)[C@@H](C[C@H](CC=O)[C@H](O[C@@H]2O[C@H](C)[C@@H](O[C@@H]3O[C@@H](C)[C@H](OC(=O)CC)[C@](OC(=O)C)(C3)C)[C@H](N(C)C)[C@H]2O)[C@H](OC)[C@H](OC(=O)CC)CC1=O)C)C,Miokamycin,0.0
N(/N=C(/N)\N)=C(\C=N\N=C(\N)/N)/C,Mitoguazone,1.0
BrC[C@@H](O)[C@H](O)[C@H](O)[C@@H](O)CBr,Mitolactol,1.0
S(=O)(C(c1ccccc1)c1ccccc1)CC(=O)N,Modafinil,1.0
O(C(=O)CCCCCCC)C[C@H](O)CO,Monoctanoin,1.0
O=C(N(C)C)C,N n-dimethylacetamide,1.0
O=CN(C)C,N n-dimethylformamide,1.0
Oc1ccc(cc1)C[C@@H](NC(=O)[C@H](NC(=O)[C@@H](NC(=O)[C@@H](NC(=O)[C@H]1NC(=O)CC1)Cc1[nH]cnc1)Cc1c2c([nH]c1)cccc2)CO)C(=O)N[C@H](Cc1cc2c(cc1)cccc2)C(=O)N[C@H](CC(C)C)C(=O)N[C@H](CCC\N=C(\N)/N)C(=O)N1CCC[C@H]1C(=O)NCC(=O)N,Nafarelin,0.0
O=C1CC[C@@H]2[C@@H]3[C@H]([C@@H]4CC[C@H](O)[C@]4(CC3)C)CCC2=C1,Nandrolone,1.0
O=C(N)c1cccnc1,Niacinamide,1.0
O(C(=O)C=1[C@@H](C(C(OC)=O)=C(NC=1C)C)c1cc([N+](=O)[O-])ccc1)CCN(Cc1ccccc1)C,Nicardipine,0.0
FC(F)(F)c1cc(Nc2ncccc2C(O)=O)ccc1,Niflumic,1.0
O(C(=O)C=1[C@@H](C(C(OC)=O)=C(NC=1C)C#N)c1cc([N+](=O)[O-])ccc1)C(C)C,Nilvadipine,1.0
O=[N+]([O-])c1cc([N+](=O)[O-])cc([N+](=O)[O-])c1N([N+](=O)[O-])C,Nitramine,1.0
S(c1c2c(N=C(NC2=O)N)ccc1C)c1ccncc1,Nolatrexed,1.0
O(CCO)c1ccc(cc1)CCCCCCCCC,Nonoxynol,0.0
Clc1ccccc1Cl,O-dichlorobenzene,1.0
S1C2=Nc3c(NC(N4CCN(CC4)C)=C2C=C1C)cccc3,Olanzapine,1.0
Oc1ccc(N\N=C\2/C=C(C(O)=O)C(=O)C=C/2)cc1C(O)=O,Olsalazine,1.0
O=C1c2c(n(c3c2cccc3)C)CC[C@@H]1Cn1ccnc1C,Ondansetron,1.0
Clc1cc2c(NC(=O)[C@@H](O)N=C2c2ccccc2)cc1,Oxazepam,1.0
Clc1cc(Cl)ccc1CO\N=C(/Cn1ccnc1)\c1ccc(Cl)cc1Cl,Oxiconazole,0.0
O(CC1=NCCCN1C)C(=O)[C@](O)(C1CCCCC1)c1ccccc1,Oxyphencyclimine,0.0
OC1=C2[C@@H]([C@](O)(c3c1c(O)ccc3)C)[C@H](O)[C@@H]1[C@@](O)(C(=O)\C(=C(/O)\N)\C(=O)[C@H]1N(C)C)C2=O,Oxytetracycline,1.0
Nc1ccc(cc1)Cc1ccc(N)cc1,P p-diaminodiphenylmethane,1.0
N(C)(C)c1ccc(N=Nc2ccccc2)cc1,P-dimethylaminoazobenzene,1.0
O1[C@](CC)(C)C(=O)N(C)C1=O,Paramethadione,1.0
P(OCCCCCNC(=O)[C@@H](NC(OCCOC)=O)CCCCNC(OCCOC)=O)(O)(=O)C,Pegaptanib,0.0
ClC(Cl)(Cl)C(Cl)Cl,Pentachloroethane,1.0
S(O)(=O)(=O)c1cc(C)c(cc1)C,Pentosan polysulfate sodium,1.0
O1[C@H](CO)[C@@H](O)C[C@@H]1n1c2NC=NC[C@@H](O)c2nc1,Pentostatin,1.0
s1cc(nc1-c1nc(sc1)CCNC(=O)[C@@H](NC(=O)[C@@H]([C@@H](O)[C@H](NC(=O)[C@@H](NC(=O)c1nc(nc(N)c1C)[C@H](NC[C@H](N)C(=O)N)CC(=O)N)[C@H](O[C@@H]1O[C@@H](CO)[C@@H](O)[C@H](O)[C@@H]1O[C@H]1O[C@H](CO)[C@@H](O)[C@H](OC(=O)N)[C@@H]1O)c1[nH]cnc1)C)C)[C@H](O)C)C(=O)NCCCN[C@@H](C)c1ccccc1,Peplomycin,1.0
Clc1cc2N(c3c(Sc2cc1)cccc3)CCCN1CCN(CC1)CCO,Perphenazine,1.0
N(N)CCc1ccccc1,Phenelzine,1.0
O=C1c2c(cccc2)C(=O)C1c1ccccc1,Phenindione,1.0
Oc1c([N+](=O)[O-])cc([N+](=O)[O-])cc1[N+](=O)[O-],Picric acid,1.0
Cl[C@H]1CC[C@H](C[C@H]1OC)\C=C(/C)\[C@H]1OC(=O)[C@H]2N(CCCC2)C(=O)C(=O)[C@@]2(O[C@@H]([C@@H](OC)C[C@H]2C)[C@@H](OC)C[C@H](C\C(=C/[C@H](CC)C(=O)C[C@H](O)[C@H]1C)\C)C)O,Pimecrolimus,0.0
Clc1ccc(cc1)-c1cn(nc1CC(O)=O)-c1ccc(F)cc1,Pirazolac,1.0
S1(=O)(=O)N(C)\C(=C(\O)/Nc2ncccc2)\C(=O)c2c1cccc2,Piroxicam,1.0
S(O)(=O)(=O)c1ccccc1C=C,Polystyrene sulfonate,0.0
O[C@@H]1[C@H]2[C@@H]3N([C@@H]([C@H]4N(c5c([C@]14C3)cccc5)C)C[C@H]2[C@@H](CC)C=O)CCC,Prajmaline,1.0
SC[C@H](NC(=O)[C@@H](N)CCCCN)C(=O)N[C@@H](CC(=O)N)C(=O)N[C@@H]([C@H](O)C)C(=O)N[C@H](C(=O)N[C@@H]([C@H](O)C)C(=O)N[C@H](C(=O)N[C@H](C(=O)N[C@@H]([C@H](O)C)C(=O)N[C@@H](CCC(=O)N)C(=O)N[C@@H](CCCNC(N)=N)C(=O)N[C@@H](CC(C)C)C(=O)N[C@H](C(=O)N[C@@H](CC(=O)N)C(=O)N[C@@H](Cc1ccccc1)C(=O)N[C@@H](CC(C)C)C(=O)N[C@@H](C(C)C)C(=O)N[C@@H](Cc1[nH]cnc1)C(=O)N[C@H](C(=O)N[C@H](C(=O)N[C@@H](CC(=O)N)C(=O)N[C@@H](CC(=O)N)C(=O)N[C@@H](Cc1ccccc1)C(=O)NCC(=O)N1CCC[C@H]1C(=O)N[C@@H]([C@H](CC)C)C(=O)N[C@@H](CC(C)C)C(=O)N1CCC[C@H]1C(=O)N1CCC[C@H]1C(=O)N[C@@H]([C@H](O)C)C(=O)N[C@@H](CC(=O)N)C(=O)N[C@@H](C(C)C)C(=O)NCC(=O)N[C@H](C(=O)N[C@@H](CC(=O)N)C(=O)N[C@@H]([C@H](O)C)C(=O)N[C@@H](Cc1ccc(O)cc1)C(=O)N)CO)CO)CO)C)C)CS)C,Pramlintide,0.0
O1c2c(ccc(NC(=O)c3ccc(OCCCCc4ccccc4)cc3)c2)C(=O)C=C1c1nn[nH]n1,Pranlukast,1.0
Clc1ccc(cc1)/C(/NCCCC(=O)N)=C\1/C=C(F)C=CC/1=O,Progabide,1.0
ClC[C@H](Cl)C,Propylene dichloride,1.0
IC1=CN(C=C(I)C1=O)CC(OCCC)=O,Propyliodone,0.0
n1ccccc1,Pyridine,1.0
Clc1cc2N[C@@H](NC(=O)c2cc1S(=O)(=O)N)CC,Quinethazone,1.0
O1[C@H](CO)[C@@H](O)[C@@H](O)[C@@H]1n1c2nc(nc(N)c2nc1)-n1ncc(c1)C(=O)NC,Regadenoson,0.0
O(C)c1c(OC)cc(cc1OC)\C=C\C(O[C@@H]1C[C@H]2[C@H](C[C@H]3N(CCc4c5c([nH]c34)cc(OC)cc5)C2)[C@H](C(OC)=O)[C@H]1OC)=O,Rescinnamine,0.0
Oc1cc(O)ccc1,Resorcinol,1.0
O1c2c3c4c(c(O)c2C)C(=O)C(NC(=O)/C(=C\C=C/[C@H](C)[C@H](O)[C@H](C)[C@@H](O)[C@H](C)[C@H](OC(=O)C)[C@H](C)[C@@H](OC)\C=C/O[C@]1(C)C3=O)/C)=C1NC2(N=C14)CCN(CC2)CC(C)C,Rifabutin,1.0
O1c2c3c4c(c(O)c2C)C(O)=C(NC(=O)/C(=C/C=C/[C@H](C)[C@H](O)[C@@H](C)[C@@H](O)[C@@H](C)[C@H](OC(=O)C)[C@H](C)[C@@H](OC)\C=C\O[C@]1(C)C3=O)/C)\C(=C\NN1CCN(CC1)C1CCCC1)\C4=O,Rifapentine,1.0
Clc1cc(Cl)c(Cl)cc1OP(=S)(OC)OC,Ronnel,1.0
O(CCCNC(=O)COC(=O)C)c1cc(ccc1)CN1CCCCC1,Roxatidine,1.0
O1c2cc(ccc2O[C@H]1C)C(C)(C)C,Sacrosidase,0.0
P(O)(O)(=O)CN(CCN(CP(O)(O)=O)CP(O)(O)=O)CP(O)(O)=O,Samarium sm 153 lexidronam,0.0
OC(=O)CC[C@@H](NC(=O)[C@H](NC(=O)[C@H](NC(=O)[C@H](NC(=O)[C@H](NC(=O)CNC(=O)[C@H](NC(=O)[C@H](NC(=O)[C@H](N)Cc1[nH]ccn1)CO)CC(O)=O)[C@H](O)C)Cc1ccccc1)[C@H](O)C)CO)C(=O)N[C@@H](CC(C)C)C(=O)N[C@@H](C(=O)N[C@@H](CCCNC(N)=N)C(=O)N[C@@H](CC(C)C)C(=O)N[C@@H](CCCNC(N)=N)C(=O)N[C@@H](CC(O)=O)C(=O)N[C@@H](C(=O)N[C@@H](C(=O)N[C@H](CCCNC(N)=N)C(=O)N[C@@H](CC(C)C)C(=O)N[C@H](CCC(=O)N)C(=O)N[C@@H](CCCNC(N)=N)C(=O)N[C@@H](CC(C)C)C(=O)N[C@@H](CC(C)C)C(=O)N[C@@H](CCC(=O)N)C(=O)NCC(=O)N[C@@H](CC(C)C)C(=O)N[C@@H](C(C)C)C(O)=O)C)CO)CO,Secretin,0.0
O=C1C(C)=C(C)C(=O)C([C@H](CCCCCC(O)=O)c2ccccc2)=C1C,Seratrodast,1.0
S(CC[C@H](NC(=O)[C@@H](NC(=O)[C@H](NC(=O)[C@@H](NC(=O)[C@@H](NC(=O)[C@@H](NC(=O)[C@@H](NC(=O)[C@H](NC(=O)[C@H](NC(=O)[C@H](NC(=O)[C@@H](NC(=O)[C@H](NC(=O)CNC(=O)[C@@H](NC(=O)[C@@H](NC(=O)[C@@H](NC(=O)[C@@H](NC(=O)[C@H](NC(=O)[C@H](NC(=O)[C@H](NC(=O)[C@@H](NC(=O)[C@@H](NC(=O)[C@@H](NC(=O)[C@H](NC(=O)[C@H](NC(=O)[C@H](NC(=O)[C@H](N)Cc1ccc(O)cc1)C)CC(O)=O)C)[C@@H](CC)C)Cc1ccccc1)[C@H](O)C)CC(=O)N)CO)Cc1ccc(O)cc1)CCCNC(N)=N)CCCCN)C(C)C)CC(C)C)CCC(=O)N)CC(C)C)CO)C)CCCNC(N)=N)CCCCN)CC(C)C)CC(C)C)CCC(=O)N)CC(O)=O)[C@@H](CC)C)C(=O)N[C@H](C(=O)N[C@@H](CCCNC(N)=N)C(=O)N)CO)C,Sermorelin,0.0
S(O)(=O)(=Nc1ncccn1)c1ccc(N)cc1,Silver sulfadiazine,0.0
O1[C@@H](CC(=O)[C@@H](\C=C(/C)\[C@@H](O)[C@@H](OC)C(=O)[C@@H](C[C@@H](\C=C/C=C/C=C(/C)\[C@@H](OC)C[C@H]2O[C@](O)([C@@H](CC2)C)C(=O)C(=O)N2[C@@H](CCCC2)C1=O)C)C)C)[C@@H](C[C@H]1C[C@@H](OC)[C@H](O)CC1)C,Sirolimus,1.0
OC(=O)CCCc1ccccc1,Sodium phenylbutyrate,1.0
O1[C@H]2[C@H](O[C@@H]3O[C@@H](CC(=O)[C@]13O)C)[C@@H](O)[C@H](NC)[C@H](O)[C@@H]2NC,Spectinomycin,1.0
OC(=O)[C@H]1NC[C@H](C1)C1CCCCC1,Streptokinase,1.0
c1ccccc1C=C,Styrene,1.0
S(=O)(=O)(Nc1ncccc1)c1ccc(N\N=C/2\C=C(C(O)=O)C(=O)C=C\2)cc1,Sulfasalazine,1.0
Fc1cc\2c(NC(=O)/C/2=C/c2[nH]c(C)c(C(=O)NCCN(CC)CC)c2C)cc1,Sunitinib,1.0
n1c2c(CCCC2)c(N)c2c1cccc2,Tacrine,1.0
O(C[C@@H](O)CNC(C)(C)C)c1ccc(NC(=O)NC2CCCCC2)cc1,Talinolol,1.0
Oc1cc(ccc1)[C@@H]([C@H](CN(C)C)C)CC,Tapentadol,1.0
P(CCOCC)(CCOCC)CCP(CCOCC)CCOCC,Technetium tc 99m tetrofosmin,0.0
OCc1cc\2c(N=C/C/2=C\NN\C(=N\CCCCC)\N)cc1,Tegaserod,1.0
S1[C@H]2N([C@@H](C(O)=O)C1(C)C)C(=O)[C@@]2(OC)NC(=O)[C@H](C(O)=O)c1ccsc1,Temocillin,0.0
Clc1cc2c(n(C(=O)N)c(O)c2C(=O)c2sccc2)cc1,Tenidap,1.0
P(OCOC(OC(C)C)=O)(OCOC(OC(C)C)=O)(=O)CO[C@@H](Cn1c2ncnc(N)c2nc1)C,Tenofovir disoproxil fumarate,1.0
S(CC[C@H](NC(=O)[C@@H](NC(=O)[C@@H](NC(=O)[C@@H](NC(=O)[C@@H](NC(=O)[C@@H](NC(=O)[C@@H](NC(=O)[C@@H](N)CO)C(C)C)CO)CCC(O)=O)[C@H](CC)C)CCC(=O)N)CC(C)C)C(=O)N[C@@H](Cc1nc[nH]c1)C(=O)N[C@@H](CC(=O)N)C(=O)N[C@@H](CC(C)C)C(=O)NCC(=O)N[C@@H](CCCCN)C(=O)N[C@@H](Cc1nc[nH]c1)C(=O)N[C@@H](CC(C)C)C(=O)N[C@@H](CC(=O)N)C(=O)N[C@H](C(=O)N[C@@H](CCSC)C(=O)N[C@@H](CCC(O)=O)C(=O)N[C@@H](CCCNC(N)=N)C(=O)N[C@@H](C(C)C)C(=O)N[C@@H](CCC(O)=O)C(=O)N[C@@H](Cc1c2c([nH]c1)cccc2)C(=O)N[C@@H](CC(C)C)C(=O)N[C@@H](CCCNC(N)=N)C(=O)N[C@@H](CCCCN)C(=O)N[C@@H](CCCCN)C(=O)N[C@@H](CC(C)C)C(=O)N[C@@H](CCC(=O)N)C(=O)N[C@@H](CC(O)=O)C(=O)N[C@@H](C(C)C)C(=O)N[C@@H](Cc1nc[nH]c1)C(=O)N[C@@H](CC(=O)N)C(=O)N[C@@H](Cc1ccccc1)C(O)=O)CO)C,Teriparatide,0.0
S1c2c(CCC1)cccc2OC[C@@H](O)CNC(C)(C)C,Tertatolol,0.0
ClC(Cl)C(Cl)Cl,Tetrachloroethane,1.0
OC1=C2[C@H](C[C@@H]3[C@@](O)(C(=O)\C(=C(/O)\N)\C(=O)[C@H]3N(C)C)C2=O)[C@](O)(c2c1c(O)ccc2)C,Tetracycline,1.0
s1cc(nc1)-c1[nH]c2c(n1)cccc2,Thiabendazole,1.0
S=C1NC(=O)C([C@@H](CCC)C)(CC)C(=O)N1,Thiopental,1.0
Sc1ccccc1,Thiophenol,1.0
O=C1N[C@@H](CC1)C(=O)N[C@H](Cc1[nH]cnc1)C(=O)N1CCC[C@H]1C(=O)N,Thyrotropin,0.0
s1c(ccc1[C@H](C(O)=O)C)C(=O)c1ccccc1,Tiaprofenic,1.0
O=C1CC=2C[C@H]([C@H]3[C@@H]4CC[C@@](O)(C#C)[C@]4(CC[C@@H]3C=2CC1)C)C,Tibolone,0.0
Oc1c2c(C[C@@H]3C(C(=O)[C@@]4(O)[C@@H](C3)[C@H](N(C)C)C(=O)/C(=C(/O)\N)/C4=O)=C2O)c(N(C)C)cc1NC(=O)CNC(C)(C)C,Tigecycline,1.0
S[C@@H](C(=O)NCC(O)=O)C,Tiopronin,1.0
O=C1C=C2CC[C@H]3[C@@H]4C[C@@H](C)[C@H](C(=O)CN5CCN(CC5)c5nc(nc(N6CCCC6)c5)N5CCCC5)[C@]4(CC=C3[C@]2(C=C1)C)C,Tirilazad,1.0
S(OC[C@]12OC(O[C@H]1[C@@H]1OC(O[C@@H]1CO2)(C)C)(C)C)(=O)(=O)N,Topiramate,1.0
O(C)c1cc(ccc1OC)\C=C\C(=O)Nc1ccccc1C(O)=O,Tranilast,1.0
N[C@@H]1C[C@H]1c1ccccc1,Tranylcypromine,1.0
OC(=O)\C=C(\C=C\C=C(\C=C\C=1C(CCCC=1C)(C)C)/C)/C,Tretinoin,1.0
Clc1ccccc1C1=NCc2n(-c3c1cc(Cl)cc3)c(nn2)C,Triazolam,1.0
N(CCNCCN)CCN,Trientine,0.0
Oc1ccc(cc1)C[C@@H](NC(=O)[C@H](NC(=O)[C@@H](NC(=O)[C@@H](NC(=O)[C@H]1NC(=O)CC1)Cc1[nH]cnc1)Cc1c2c([nH]c1)cccc2)CO)C(=O)N[C@H](Cc1c2c([nH]c1)cccc2)C(=O)N[C@H](CC(C)C)C(=O)N[C@H](CCC\N=C(\N)/N)C(=O)N1CCC[C@H]1C(=O)NCC(=O)N,Triptorelin,0.0
O(C(=O)c1c2c([nH]c1)cccc2)C1C[C@@H]2N([C@H](C1)CC2)C,Tropisetron,1.0
S(O)(=O)(=O)C/1=Cc2c(C(=O)\C\1=N/Nc1ccc(cc1C)-c1cc(C)c(N\N=C\3/C(=O)c4c(C=C/3S(O)(=O)=O)cc(S(O)(=O)=O)cc4N)cc1)c(N)cc(S(O)(=O)=O)c2,Trypan blue,0.0
Ic1c(C[C@@H](CC)C(O)=O)c(I)cc(I)c1NC(=O)CCC,Tyropanoate sodium,0.0
O[C@@H]1C[C@H](O)[C@H](C\C=C\CCCC(O)=O)[C@H]1CCC(=O)CCCCCCC,Unoprostone,0.0
OC(=O)[C@@H](N(Cc1ccc(cc1)-c1ccccc1-c1nn[nH]n1)C(=O)CCCC)C(C)C,Valsartan,1.0
O(C(=O)C1=CC=C2C=3N=C(C=c4[nH]c(=CC5=NC(=Cc6[nH]c(C=3)c(C)c6C=C)C(C)=C5CCC(O)=O)c(CCC(OC)=O)c4C)[C@]2(C)[C@@H]1C(OC)=O)C,Verteporfin,1.0
ClC(Cl)=C,Vinylidene chloride,1.0
O[C@@H]1C\C(=C\C=C/2\[C@@H]3CC[C@H]([C@@H](CCCC(C)C)C)[C@]3(CCC\2)C)\C(CC1)=C,Vitamin d,0.0
O1c2c(cccc2)C(=O)C([C@@H](CC(=O)C)c2ccccc2)=C1O,Warfarin,1.0
s1nc(C=2CN(CCC=2)C)c(OCCCCCC)n1,Xanomeline,1.0
O1C[C@@H](O)[C@H](O)[C@@H](O)[C@H]1O,Xylose,0.0
S1SC[C@@H]2NC(=O)[C@H]3NC(=O)[C@H](NC(=O)[C@H](NC(=O)[C@H](NC(=O)[C@H](NC(=O)[C@@H](NC(=O)[C@H](NC(=O)[C@H](NC(=O)[C@@H](NC(=O)[C@H](NC(=O)CNC(=O)[C@@H](NC(=O)CNC(=O)[C@@H](NC(=O)[C@H](N)C1)CCCCN)CCCCN)C)CCCCN)CSSC[C@H](NC(=O)[C@@H](NC(=O)CNC(=O)[C@@H](NC2=O)[C@H](O)C)CO)C(=O)N[C@@H](CCCNC(N)=N)C(=O)N[C@@H](CO)C(=O)NCC(=O)N[C@@H](CCCCN)C(=O)N[C@H](CSSC3)C(=O)N)CO)CCCNC(N)=N)CC(C)C)CCSC)Cc1ccc(O)cc1)CC(O)=O,Ziconotide,1.0
O1[C@H](CO)[C@@H]([N-][N+]#N)C[C@@H]1N1C=C(C)C(=O)NC1=O,Zidovudine,1.0
O(C(=O)C)C1CC2=CCC3C4CC=C([C@]4(CCC3[C@]2(CC1)C)C)c1cccnc1,abiraterone acetate,1.0
O1[C@H](O[C@H]([C@H](O)CO)[C@H](O)[C@@H](O)C=O)[C@H](O)[C@@H](O)[C@H](O[C@H]2O[C@H](C)[C@@H](N[C@H]3C=C(CO)[C@@H](O)[C@H](O)[C@H]3O)[C@H](O)[C@H]2O)C1CO,acarbose,1.0
S1c2c(N(c3c1cccc3)CCCN(C)C)cc(cc2)C(=O)C,acepromazine,0.0
S1c2c(N(c3c1cccc3)CC(N(C)C)C)cc(cc2)C(=O)C,aceprometazine,0.0
OC(=O)C,acetic acid,0.0
P(O)(O)(=O)COCCn1c2ncnc(N)c2nc1,adefovir,1.0
P(OCC1OC(n2c3ncnc(N)c3nc2)C(O)C1O)(O)(O)=O,adenosine monophosphate,0.0
Clc1cc2c(-n3c(nnc3CN(C)C)CN=C2c2ccccc2)cc1,adinazolam,0.0
O1c2c(C=3C(C(O)=CC=3)=C1O)c(OC)cc1O[C@H]3OC=C[C@H]3c12,aflatoxin b1,1.0
O(C)c1cc2c(cc1)cccc2CCNC(=O)C,agomelatine,1.0
OC1CC(O)C\C(=C\C=C\2/C3CCC(C(CCCC(C)C)C)C3(CCC/2)C)\C1=C,alfacalcidol,0.0
O(CCCOC)c1cc(cc(OC)c1)C[C@H](C(C)C)CC(N)[C@@H](O)C[C@@H](C(C)C)C(=O)NCC(C(=O)N)(C)C,aliskiren hemifumarate,1.0
OC1(CCC2C3C(C4C(CC3)=CCCC4)CCC12C)CC=C,allylestrenol,0.0
O(CC(O)CNC(C)C)c1ccccc1CC=C,alprenolol,0.0
O=C1N(CC(O)=O)C(=O)c2c3c1cccc3ccc2,alrestatin,1.0
Brc1cc(Br)cc(CNC2CCC(O)CC2)c1N,ambroxol,0.0
n1cc(N)c(N)cc1,amifampridine,1.0
Clc1nc(C(=O)\N=C(\N)/N)c(nc1N)N,amiloride,1.0
Clc1nc(C(=O)NC(N)=N)c(nc1N)N,amiloride hydrochloride;amiloride,1.0
OC(=O)C(N)CCCC,aminocaproic acid,0.0
O(N)C(=O)CNC(=O)c1ccccc1,aminohippurate,0.0
Clc1ccccc1C1\C(=C(/OCC)\O)\C(=NC(C)=C1C(OC)=O)COCCN,amlodipine besylate;amlodipine maleate;amlodipine,1.0
O(N=O)CCCCC,amyl nitrite,0.0
Clc1c2Cn3cc(O)nc3Nc2ccc1Cl,anagrelide hydrochloride;anagrelide,1.0
N1CCN=C1CN(Cc1ccccc1)c1ccccc1,antazoline,1.0
FC(F)(F)c1cc(N2CCN(CC2)CCOC(=O)c2ccccc2Nc2c3c(ncc2)cc(cc3)C(F)(F)F)ccc1,antrafenine,1.0
O1C([C@@H](O)CO)C(O)=C(O)C1=O,ascorbic acid,0.0
Clc1cc2[C@@H]3[C@@H](c4c(Oc2cc1)cccc4)CN(C3)C,asenapine maleate,1.0
Clc1cc(ccc1OC)CNc1nc(ncc1C(=O)NCc1ncccn1)N1CCC[C@H]1CO,avanafil,1.0
O=C1N2N(c3cc(ccc3N=C2N(C)C)C)C(=O)C1CCC,azapropazone,1.0
S1C2N(C(C(O)=O)C1(C)C)C(=O)C2NC(=O)C(N=[N+]=[N-])c1ccccc1,azidocillin,0.0
O1C(COC(=O)c2c3n(Cc4ccc(cc4)C4=CCCC=C4C=4NC(ON=4)=O)c(OCC)nc3ccc2)=C(OC1=O)C,azilsartan medoxomil,1.0
S1CC(N=C1C(N)C(CC)C)C(=O)N[C@@H](CC(C)C)C(=O)N[C@H](CCC(O)=O)C(=O)N[C@@H]([C@H](CC)C)C(=O)NCCCC[C@@H]1NC(=O)[C@@H](NC(=O)[C@H](NC(=O)[C@@H](NC(=O)[C@@H](NC(=O)[C@@H](NC(=O)[C@@H](NC1=O)CCCN)[C@H](CC)C)Cc1ccccc1)Cc1[nH]cnc1)CC(O)=O)CC(=O)N,bacitracin,0.0
Oc1ccc(N=Nc2ccc(cc2)C(=O)NCCC(O)=O)cc1C(O)=O,balsalazide disodium;balsalazide,1.0
O(C(=O)N(C)C)c1cc(cc(OC(=O)N(C)C)c1)C(O)CNC(C)(C)C,bambuterol,1.0
O(C(=O)C=1[C@@H](\C(=C(/OC)\O)\C(=NC=1C)C)c1cc([N+](=O)[O-])ccc1)[C@@H]1CCN(C1)Cc1ccccc1,barnidipine,1.0
O(CCN1CCCCCC1)c1ccc(cc1)Cn1c2c(cc(O)cc2)c(C)c1-c1ccc(O)cc1,bazedoxifene acetate,1.0
Clc1ccc(cc1)Cc1ccc(OC(CC)(C(OCC)=O)C)cc1,beclobrate,1.0
Clc1cc2NC(NS(=O)(=O)c2cc1S(=O)(=O)N)C(C)c1ccccc1,bemetizide,1.0
O1C(COC(=O)c2n(Cc3ccc(cc3)-c3ccccc3-c3nn[nH]n3)c(nc2C(O)(C)C)CCC)=C(OC1=O)C,benicar;olmesartan medoxomil,1.0
s1c2CCCCc2c2c1NC(=O)CN=C2c1ccccc1,bentazepam,1.0
Oc1ccc(cc1)CC(NC(=O)c1ccccc1)C(=O)Nc1ccc(cc1)C(O)=O,bentiromide,1.0
Clc1ccc(cc1)C(=O)NCC(=O)NO,benurestat,1.0
O=Cc1ccc(NCCCC)cc1,benzonatate,1.0
O=C(c1ccccc1)c1ccccc1,benzophenone,0.0
Clc1cc2NC(NS(=O)(=O)c2cc1S(=O)(=O)N)Cc1ccccc1,benzylhydrochlorothiazide,1.0
S1C(C)(C)C(NC1C(NC(=O)Cc1ccccc1)C(=O)NCCCCC(N)C(O)=O)C(O)=O,benzylpenicilloyl polylysine,0.0
Fc1ccc(cc1)C=1c2c(OC3(CCCC3)C=1\C=C\[C@H](O)C[C@H](O)CC(OCC)=O)cccc2,bervastatin,1.0
F[C@@]12[C@H]([C@@H]3C[C@H](C)[C@](OC(=O)CC)(C(=O)COC(=O)CC)[C@]3(C[C@@H]1O)C)CCC1=CC(=O)C=C[C@@]12C,betamethasone dipropionate,1.0
P(OCC(=O)[C@]1(O)[C@@]2([C@H]([C@@H]3CCC4=CC(=O)C=C[C@]4(C)[C@@]3(F)[C@@H](O)C2)C[C@@H]1C)C)(O)(O)=O,betamethasone sodium phosphate;dexamethasone sodium phosphate,1.0
F[C@]12[C@H]([C@@H]3C[C@H](C)[C@@](OC(=O)CCCC)(C(=O)CO)[C@@]3(C[C@@H]1O)C)CCC1=CC(=O)C=C[C@]12C,betamethasone valerate,1.0
[nH]1nc(cc1)CCN,betazole,0.0
O(C)c1cc(ccc1OC)CCNCC(O)COc1cc(ccc1)C,bevantolol,0.0
Oc1c(cc(cc1CN(CC)CC)-c1cc(CC=C)c(O)c(c1)CN(CC)CC)CC=C,bialamicol hydrochloride,1.0
Clc1ccc(OC(Oc2ccc(Cl)cc2)C(OCC2N(CCC2)C)=O)cc1,biclofibrate,1.0
O[C@H]1C[C@@H](O)[C@H](\C=C\[C@@H](O)CCc2ccccc2)[C@H]1C\C=C\CCCC(=O)NCC,bimatoprost,1.0
Clc1ccc(OC(C(OC(COC(=O)c2cccnc2)COC(=O)c2cccnc2)=O)(C)C)cc1,binifibrate,1.0
O(CC(OC(=O)c1ccccc1)CNC(C)(C)C)c1c2cc([nH]c2ccc1)C,bopindolol,0.0
Fc1ccccc1-c1ccc(cc1)-c1nc2c(cc(F)cc2)c(C(O)=O)c1C,brequinar,1.0
Brc1cc2c(NC(=O)CN=C2c2ncccc2)cc1,bromazepam;compendium,1.0
Brc1ccc(cc1)C(OCCN(C)C)c1ccccc1,bromodiphenhydramine,0.0
Brc1sc2-n3c(nnc3C)CN=C(c2c1)c1ccccc1Cl,brotizolam,1.0
Clc1cc(ccc1C1CCCCC1)C(=O)CCC(O)=O,bucloxic acid,1.0
OC(=O)C(CCCC)C(=O)N(Nc1ccccc1)c1ccccc1,bumadizone,1.0
Clc1ccc(cc1OCC(O)CNC(C)(C)C)C,bupranolol,0.0
OC(=O)C(CC)c1ccc(cc1)CC(C)C,butibufen,1.0
Clc1cc2NC(NS(=O)(=O)c2cc1S(=O)(=O)N)CC(C)C,butizide,1.0
N(CC(CC1c2c(CCc3c1cccc3)cccc2)C)(C)C,butriptyline,1.0
O[C@H]1C\C(=C\C=C\2/C3CC[C@H]([C@@H](CCCC(O)(C)C)C)[C@]3(CCC/2)C)\C(CC1)=C,calcifediol;calcidiol,1.0
O[C@@H]1C[C@H](O)C\C(=C\C=C\2/[C@H]3CC[C@@H]([C@@H](\C=C\[C@H](O)C4CC4)C)[C@]3(CCC/2)C)\C1=C,calcipotriene;calcipotriol,0.0
O[C@H]1C[C@H](O)C\C(=C\C=C\2/[C@@H]3CC[C@H]([C@@H](CCCC(O)(C)C)C)[C@]3(CCC/2)C)\C1=C,calcitriol,1.0
Oc1cc(NC(=O)c2ccccc2)ccc1C(O)=O,calcium 4-benzamidosalicylate,1.0
O(N)c1ccccc1C(O)=O,calcium aminosalicylate;potassium aminosalicylate,1.0
OC(C(O)C(O)C(O)=O)C(O)C(O)CO,calcium gluceptate,0.0
OC(=O)CCCNC(=O)[C@H](O)C(CO)(C)C,calcium hopantenate,1.0
O=C1CC[C@@]2([C@@H]3[C@H]([C@@H]4CC[C@@](O)(C)[C@]4(CC3)C)[C@H](CC2=C1)C)C,calusterone,1.0
O(C(=O)C(CC1(CCCC1)C(=O)NC1CCC(CC1)C(O)=O)COCCOC)c1cc2CCCc2cc1,candoxatril,0.0
O=C1NCC(N)C(=O)NC(CO)C(=O)NC(CNC(=O)CC(N)CCCN)C(=O)N\C(=C/NC(=O)N)\C(=O)NC1C1NC(=NCC1)N,capreomycin sulfate;capreomycin,1.0
OC(=O)CCCCCCC,caprylic acid,0.0
O[C@H]1C[C@@H](O)[C@@H](C\C=C\CCCC(O)=O)C1\C=C/[C@@](O)(CCCCC)C,carboprost tromethamine,0.0
OC(=O)CC[C@H](NC(=O)N)C(O)=O,carglumic acid,1.0
S1c2c(N(c3c1cccc3)CCN1CCN(CC1)CCO)cc(cc2)C(=O)CC,carphenazine,0.0
S1C2N(C(=O)C2NC(=O)CC#N)C(C(O)=O)=C(C1)COC(=O)C,cefacetrile,0.0
s1cc(nc1N)/C(=N\O)/C(=O)N[C@H]1[C@H]2SCC(C=C)=C(N2C1=O)C(O)=O,cefdinir,1.0
s1cnc(C)c1\C=C\C=1CS[C@H]2N(C=1C(OCOC(=O)C(C)(C)C)=O)C(=O)[C@H]2NC(=O)\C(=N\OC)\c1nc(sc1)N,cefditoren pivoxil,1.0
s1cc(nc1N)/C(=N/OC)/C(=O)N[C@H]1[C@H]2SCC(C)=C(N2C1=O)C(OCOC(=O)C(C)(C)C)=O,cefetamet pivoxil,1.0
s1c(CC(O)=O)c(nc1SCC=1CSC2N(C(=O)C2NC(=O)\C(=N\OC)\c2nc(sc2)N)C=1C(O)=O)C,cefodizime,1.0
s1cc(nc1N)/C(=N\OC)/C(=O)N[C@H]1[C@H]2SCC(COC(=O)C)=C(N2C1=O)C(O)=O,cefotaxime sodium;cefotaxime,1.0
S1[C@H]2N(C(C(O)=O)=C(C1)CSc1nnnn1C)C(=O)[C@H]2NC(=O)[C@H](NC(=O)C1=CNC(=CC1=O)C)c1ccc(O)cc1,cefpiramide sodium;cefpiramide,1.0
s1cc(nc1N)/C(=N\OC)/C(=O)N[C@H]1[C@H]2SCC(COC)=C(N2C1=O)C(O)=O,cefpodoxime,1.0
s1cc(nc1N)/C(=N\OC)/C(=O)N[C@H]1[C@H]2SCC=C(N2C1=O)C(O)=O,ceftizoxime sodium;ceftizoxime,1.0
s1nc(nc1N)/C(=N\O)/C(=O)N[C@H]1[C@H]2SCC(\C=C\3/CCN([C@@H]4CCN(C4)C(OCC=4OC(OC=4C)=O)=O)C/3=O)=C(N2C1=O)C(O)=O,ceftobiprole medocaril,1.0
S1C2N(C(=O)C2NC(=O)C(N)c2ccccc2)C(C(O)=O)=C(C1)COC(=O)C,cephaloglycin,0.0
O1C(C(=O)CC\C=C\C\C=C\C)C1C(=O)N,cerulenin,0.0
ClC(Cl)(Cl)C(O)O,chloral hydrate,1.0
ClC(Cl)C(=O)N[C@@H]([C@H](O)c1ccc([N+](=O)[O-])cc1)COC(=O)CCC(O)=O,chloramphenicol sodium succinate,0.0
ClC12C3(Cl)C4(Cl)C5(Cl)C(Cl)(C1(Cl)C4=O)C2(Cl)C(Cl)(Cl)C35Cl,chlordecone,1.0
ClC=1C=CC2=N\C(=N\C)\CN(O)C(=C2C=1)c1ccccc1,chlordiazepoxide,1.0
Clc1cc2c(N=C(NC)C[N+]([O-])=C2c2ccccc2)cc1,chlordiazepoxide hydrochloride;chlordiazepoxide,1.0
ClC(N)C,chlorethanamine,0.0
Clc1ccc(cc1)CN(CCN(C)C)c1ncccc1,chloropyramine,0.0
Clc1ccc(cc1)CC(OCCN(C)C)(C)c1ccccc1,chlorphenoxamine,1.0
Clc1ccc(cc1)CC(N)(C)C,chlorphentermine hydrochloride,0.0
O[C@H]1C[C@H]2[C@H]([C@@H]3CC[C@H]([C@@H](CCC(O)=O)C)[C@@]13C)[C@H](O)C[C@@H]1C[C@H](O)CC[C@@]12C,cholic acid,1.0
Clc1ccc(cc1)C(=O)c1ccc(OC(C(O)=O)(C)C)cc1,choline fenofibrate;fenofibric acid,1.0
S(CC(N)C(O)=O)CCCC\C=C(\NC(=O)C1CC1(C)C)/C(O)=O,cilastatin,0.0
O(C(=O)C=1C(\C(=C(/OCCOC)\O)\C(=NC=1C)C)c1cc([N+](=O)[O-])ccc1)C\C=C\c1ccccc1,cilnidipine,1.0
s1cc(nc1\C=C\c1cc(NC(=O)CC(CC)(CC)C(O)=O)ccc1)C1CCC1,cinalukast,0.0
O(CC)c1cc(N)c([N+](=O)[O-])cc1C(=O)NC1CCN(CC1)CC1CCC=CC1,cinitapride,0.0
O(C)c1cc2c(n(C(=O)\C=C\c3ccccc3)c(C)c2CC(O)=O)cc1,cinmetacin,1.0
S1(=O)(=O)N(C)C(C(=O)Nc2ncccc2)=C(OC(=O)\C=C\c2ccccc2)c2c1cccc2,cinnoxicam,1.0
Clc1cc2c(N(CCC#N)C(=O)C(O)N=C2c2ccccc2F)cc1,cinolazepam,0.0
Clc1c(cccc1Cl)[C@H]1\C(=C(\OCOC(=O)CCC)/O)\C(=NC(C)=C1C(OC)=O)C,clevidipine butyrate;clevidipine,1.0
Cl[C@H]([C@@H](NC(=O)[C@H]1N(C[C@@H](C1)CCC)C)C1O[C@H](SC)[C@H](OP(O)(O)=O)[C@@H](O)[C@H]1O)C,clindamycin phosphate,1.0
O(C(CC)(C(O)=O)C)c1ccc(cc1)C1(CCCCC1)c1ccc(OC(CC)(C(O)=O)C)cc1,clinofibrate,1.0
Clc1ccc(cc1)-c1ccc(cc1)COC(C(O)=O)(C)C,clobuzarit,1.0
Clc1ccc(N2c3cc(\N=C(\C)/C)c(Nc4ccc(Cl)cc4)cc3Nc3c2cccc3)cc1,clofazimine,1.0
Cl\C(=C(/c1ccc(OCCN(CC)CC)cc1)\c1ccccc1)\c1ccccc1,clomiphene,1.0
Clc1c2c(C(=O)C=3C(CC4C(O)(C(O)=C(C(=O)NCO)C(=O)C4N(C)C)C=3O)C2(O)C)c(O)cc1,clomocycline,0.0
Clc1cc2c(NC(O)(O)C(N=C2c2ccccc2)C(O)=O)cc1,clorazepate dipotassium,1.0
O=C(N1CCc2nc([nH]c2-c2c1cccc2)C)c1ccc(NC(=O)c2ccccc2-c2ccccc2)cc1,conivaptan hydrochloride;conivaptan,1.0
O1[C@@H]2[C@]34[C@H]([C@H](N(CC3)CC3CC3)Cc3c4c1c(OC)cc3)[C@H](CC2=O)CC,conorfone,1.0
O1c2c(C=CC1=O)cccc2,coumarin,0.0
O=C1N[C@@H](CC1)C(O[C@H]1CC(C[C@H](C1)C)(C)C)=O,crilvastatin,1.0
Clc1cc2NC(NS(=O)(=O)c2cc1S(=O)(=O)N)CC1CCCC1,cyclopenthiazide,1.0
C1CC1,cyclopropane;cyclopropan,1.0
OC(CCN1CCCCC1)(C1CCCC1)c1ccccc1,cycrimine,0.0
n1ccc(N)cc1,dalfampridine,1.0
S(=O)(=O)(CCN(CC)CC)C1C2N(CC1)C(=O)c1nc(oc1)CC(=O)CC(O)\C=C(/C=C\CNC(=O)\C=C/C(C)C(OC2=O)C(C)C)\C,dalfopristin,0.0
Fc1ccc(cc1C)C=1CC(CC(C)(C)C=1\C=C\[C@H]1OC(=O)C[C@H](O)C1)(C)C,dalvastatin,1.0
NC(=N)N1CCc2c(C1)cccc2,debrisoquin,0.0
Clc1c2c(C(O)=C3[C@H](C[C@@H]4[C@@](O)(C(O)=C(C(=O)N)C(=O)[C@H]4N(C)C)C3=O)[C@@H]2O)c(O)cc1,demeclocycline hydrochloride;demeclocycline,1.0
O1[C@H](CO)[C@H](O)[C@H](O[C@@H]2O[C@@H](C(O)=O)[C@@H](OC)[C@H](O)[C@H]2O)[C@@H](NC(=O)C)[C@@H]1OC,dermatan,1.0
O[C@H]1C[C@H]2[C@H]([C@@H]3CC[C@H]([C@@H](CCC(O)=O)C)[C@]13C)CC[C@@H]1C[C@H](O)CC[C@]12C,desoxycholic acid,0.0
F[C@@]12[C@H]([C@@H]3C[C@@H](C)[C@](O)(C(=O)COC(=O)C)[C@]3(C[C@@H]1O)C)CCC1=CC(=O)C=C[C@@]12C,dexamethasone acetate,1.0
O=C1N(Cc2c1cccc2)c1ccc(cc1)[C@@H](C(O)=O)C,dexindoprofen;indoprofen,1.0
[nH]1cc(nc1)[C@H](C)c1cccc(C)c1C,dexmedetomidine hydrochloride;medetomidine,1.0
OC[C@@H](O)[C@@H](O)[C@H](O)[C@@H](O)C=O,dextrose,0.0
ClC(Cl)C(O)=O,dichloroacetic acid,0.0
Clc1cc(Cc2cc(Cl)ccc2O)c(O)cc1,dichlorophene,1.0
Cl\C(\SCC(N)C(O)=O)=C/Cl,dichlorovinyl-cysteine,0.0
Oc1ccc(cc1)/C(/C(=C/C)/c1ccc(O)cc1)=C/C,dienestrol,1.0
FC12C(C3CC(C)C(OC(=O)C)(C(=O)COC(=O)C)C3(CC1O)C)CC(F)C1=CC(=O)C=CC12C,diflorasone diacetate,0.0
O=C1N2N(Cc3c1cccc3)C(=O)c1c(C2)cccc1,diftalone,1.0
OC1C\C(=C\C=C\2/C3CCC(C(\C=C\C(C(C)C)C)C)C3(CCC/2)C)\C(CC1)C,dihydrotachysterol,0.0
ClC(Cl)C(=O)N(C)c1ccc(OC(=O)c2occc2)cc1,diloxanide,0.0
N(CCCN1c2c(cccc2)C(c2c1cccc2)(C)C)(C)C,dimetacrine,1.0
OC(=O)\C(=C(\C(O)=O)/C)\C,dimethylfumarate,1.0
O=C1c2c(cccc2)C(=O)C1C(=O)C(c1ccccc1)c1ccccc1,diphenadione,1.0
O=C(Nc1ncccc1)Cc1ccc(cc1)-c1ccccc1,diphenpyramide,1.0
O(C(c1ccccc1)c1ccccc1)C1CCN(CC1)C,diphenylpyraline hydrochloride;diphenylpyraline,1.0
S(O)(=O)(=O)C(CC(OCC(CCCC)CC)=O)C(OCC(CCCC)CC)=O,docusate sodium,1.0
Clc1cc2NC(=O)N(c2cc1)C1CCN(CC1)CCCN1c2c(NC1=O)cccc2,domperidone,1.0
S1Cc2c(cccc2)\C(\c2c1cccc2)=C\CCN(C)C,dosulepin;dothiepin,1.0
O[C@H]1C[C@H](O)C\C(=C\C=C\2/[C@@H]3CC[C@H]([C@@H](\C=C\[C@@H](C(C)C)C)C)[C@]3(CCC/2)C)\C1=C,doxercalciferol,0.0
OC=1[C@]2(O)[C@H]([C@H](N(C)C)C(=O)C=1C(=O)N)[C@@H](O)[C@H]1C(=C2O)C(=O)c2c(cccc2O)[C@@H]1C,doxycycline;doxycycline hyclate,1.0
O(CCN(C)C)c1ccc(cc1)/C(=C(\CC)/c1ccccc1)/c1cc(O)ccc1,droloxifene,1.0
O=C1C[C@@H]2CC[C@H]3[C@@H]4CC[C@H](OC(=O)CC)[C@]4(CC[C@@H]3[C@]2(C[C@H]1C)C)C,dromostanolone propionate,0.0
O1C2(C3C(C4C5C(CCC24C)C2(C(=CC(=O)CC2)C2C5C2)C)C3)CCC1=O,drospirenone,0.0
OC1CCC2C3C(CCC12C)C1(CC(C)C(=O)CC1CC3)C,drostanolone,0.0
O(CC)c1cc(ccc1OCC)\C=C/1\NCCc2cc(OCC)c(OCC)cc\12,drotaverine,0.0
Clc1ccc(OC(C(Oc2ccc(Cl)cc2)=O)(C)C)cc1,dulofibrate,1.0
O(C(c1ccccc1)c1ccccc1)C1CCN(CC1)CCCC(=O)c1ccc(cc1)C(C(O)=O)(C)C,ebastine,1.0
Oc1c(cccc1N=NC=1C(=O)N(NC=1C)c1cc(C)c(cc1)C)-c1cc(ccc1)C(O)=O,eltrombopag olamine;eltrombopag,1.0
S=C1N(C(C)(C)C(=O)N1c1cc(C(F)(F)F)c(cc1)C#N)c1cc(F)c(cc1)C(=O)NC,enzalutamide,1.0
Clc1cc2NC(NS(=O)(=O)c2cc1S(=O)(=O)N)CSCC(F)(F)F,epithiazide,1.0
O[C@@H]1C\C(=C\C=C\2/[C@@H]3CC[C@H]([C@@H](\C=C\[C@@H](C(C)C)C)C)[C@]3(CCC/2)C)\C(CC1)=C,ergocalciferol,0.0
O1[C@@H]2[C@H](CC(=O)C[C@@H]3O[C@H]4[C@@H](O[C@H]5[C@H]6O[C@]7(O[C@@H]4[C@@H]5O[C@@H]6C7)CC[C@@H]4O[C@@H](CC[C@@H]5O[C@H](C2)C(=C)[C@@H](C5)C)C(C4)=C)CC3)[C@@H](OC)[C@H]1C[C@H](O)CN,eribulin mesylate,1.0
O(C(=O)C)[C@H]1Cc2c(N(c3c1cccc3)C(=O)N)cccc2,eslicarbazepine acetate,1.0
O(C(=O)C)c1cc2CC[C@H]3[C@@H]4CC[C@H](O)[C@]4(CC[C@@H]3c2cc1)C,estradiol acetate,1.0
Oc1cc2CC[C@H]3[C@@H]4CC[C@H](OC(=O)CCC5CCCC5)[C@]4(CC[C@@H]3c2cc1)C,estradiol cypionate,1.0
ClCCN(CCCl)C(Oc1cc2CC[C@H]3[C@@H]4CC[C@H](OP(O)(O)=O)[C@]4(CC[C@@H]3c2cc1)C)=O,estramustine phosphate sodium,1.0
O(C(=O)CCCCCCC\C=C/CCCCCCCC)CCN,ethanolamine oleate,0.0
OC(=O)CCCCCCC\C=C/CCCCCCCC,ethanolamine oleate,0.0
O1CC1,ethyleneoxid,0.0
O1C2C34C(C(N(CC3)C)Cc3c4c1c(OCC)cc3)C=CC2O,ethylmorphine,0.0
FC(F)(F)c1cc(Nc2ccccc2C(OCCOCCO)=O)ccc1,etofenamate,1.0
Clc1ccc(OC(C(OCCOC(=O)c2cccnc2)=O)(C)C)cc1,etofibrate,1.0
P(Oc1c(OC)cc(cc1OC)C1C2C(COC2=O)C(OC2OC3C(OC(OC3)C)C(O)C2O)c2c1cc1OCOc1c2)(O)(O)=O,etoposide phosphate,1.0
O\N=C(\[C@H](NCC(CN[C@@H](\C(=N\O)\C)C)(C)C)C)/C,exametazime,0.0
Fc1cc2nc3C=4N(Cc3c3c2c(CC[C@@H]3N)c1C)C(=O)C1=C(C=4)[C@](CC)(C)C(OC1)=O,exatecan,1.0
s1c(nc(C)c1C(O)=O)-c1cc(C#N)c(OCC(C)C)cc1,febuxostat,1.0
Clc1c(cccc1Cl)C1\C(=C(\OCC)/O)\C(=NC(C)=C1C(OC)=O)C,felodipine,1.0
N(CC)C1C2CC(CC2)C1c1ccccc1,fencamfamine,0.0
Clc1ccc(cc1)C(O)c1ccc(OC(C(O)=O)(C)C)cc1,fenirofibrate,1.0
O=C1N(N(C(=O)C1C\C=C(\C)/C)c1ccccc1)c1ccccc1,feprazone,1.0
OC(=O)\C=C\C(O)=O,ferrous fumarate;maleic acid,0.0
Fc1cc2c(O[C@@H](C[C@]23NC(=O)NC3=O)C(=O)N)cc1,fidarestat,1.0
S(=O)(C)C1=CN(c2c(ccc(F)c2)C1=O)C,flosequinan,1.0
Fc1ccc(cc1)C(=O)c1cc2nc([nH]c2cc1)NC(OC)=O,flubendazole,1.0
Fc1nc(N)c2ncn(c2n1)[C@@H]1O[C@H](CO)[C@@H](O)[C@@H]1O,fludarabine,0.0
Clc1cc2c(N(C)C(=O)CN=C2c2ccccc2F)cc1,fludiazepam,0.0
FC(F)(F)c1cc(Nc2ccccc2C(O)=O)ccc1,flufenamic acid,1.0
FC12C(C3CC(C)C(O)(C(=O)COC(=O)C(C)(C)C)C3(CC1O)C)CC(F)C1=CC(=O)C=CC12C,flumethasone pivalate,0.0
Fc1ccccc1C1=NCC(=O)N(c2c1cc([N+](=O)[O-])cc2)C,flunitrazepam,1.0
O1C2=CC(=O)C=CC2=C(c2c1cc(O)cc2)c1ccccc1C(O)=O,fluorescein sodium,1.0
S1c2c(cc(cc2)C(F)(F)F)\C(\c2c1cccc2)=C\CCN1CCN(CC1)CCO,flupenthixol,0.0
S1c2c(N(c3c1cccc3)CCCN1CCN(CC1)CCOC(=O)CCCCCCCCC)cc(cc2)C(F)(F)F,fluphenazine decanoate,1.0
S1c2c(N(c3c1cccc3)CCCN1CCN(CC1)CCOC(=O)CCCCCC)cc(cc2)C(F)(F)F,fluphenazine enanthate,1.0
F[C@@H]1C2=CC(=O)C=C[C@@]2([C@@H]2[C@H]([C@@H]3CC[C@](O)(C(=O)CO)[C@]3(C[C@@H]2O)C)C1)C,fluprednisolone,1.0
Fc1ccc(cc1)C1=NC(=O)N(c2c1ccc(c2)C)C(C)C,fluproquazone,1.0
S(C(=O)[C@]1(OC(=O)c2occc2)[C@@]2([C@H]([C@@H]3C[C@H](F)C4=CC(=O)C=C[C@]4(C)[C@@]3(F)[C@@H](O)C2)C[C@H]1C)C)CF,fluticasone furoate,0.0
S(C(=O)[C@]1(OC(=O)CC)[C@@]2([C@H]([C@@H]3C[C@H](F)C4=CC(=O)C=C[C@]4(C)[C@@]3(F)[C@@H](O)C2)C[C@H]1C)C)CF,fluticasone propionate,1.0
[nH]1nc(nn1)-c1ccccc1-c1ncc(cc1)Cn1nc(nc1CCCC)CCCC,forasartan,0.0
O=C(N)c1cc2c3C[C@H](NC)CCc3[nH]c2cc1,frovatriptan succinate;frovatriptan,1.0
OC(=O)CC1(CCCCC1)CN,gabapentin,1.0
O(Cc1ccccc1)CC(N(CCN(CCN(CC(O)=O)CC(O)=O)CC(O)=O)CC(O)=O)C(O)=O,gadobenate dimeglumine,0.0
OC(C(N1CCN(CCN(CCN(CC1)CC(O)=O)CC(O)=O)CC(O)=O)CO)CO,gadobutrol,0.0
OC(=O)CCCCCC\C=C\C\C=C\C\C=C\CCCCC,gamma-homolinolenic acid,0.0
Fc1cc2c(nc1N1CC(CN)/C(=N\OC)/C1)N(C=C(C(O)=O)C2=O)C1CC1,gemifloxacin mesylate;gemifloxacin,1.0
O1C2CC34C56C(OC(=O)C5O)OC3(C2(O)C(C)C1=O)C(OC4CC6C(C)(C)C)=O,ginkgolide-a,0.0
O1C2C(O)(C34OC5OC(=O)C(O)C56C3(C(OC4=O)CC6C(C)(C)C)C2O)C(C)C1=O,ginkgolide-b,0.0
O1C2C(O)(C34OC5OC(=O)C(O)C56C3(C(OC4=O)C(O)C6C(C)(C)C)C2O)C(C)C1=O,ginkgolide-c,0.0
O1C2CC34C56C(OC(=O)C5O)OC3(C2(O)C(C)C1=O)C(OC4C(O)C6C(C)(C)C)=O,ginkgolide-j,0.0
O1C2C(C34OC5OC(=O)C(O)C56C3(C(OC4=O)C(O)C6C(C)(C)C)C2O)C(C)C1=O,ginkgolide-m,0.0
Fc1ccc(cc1)-c1cc(nc(C(C)C)c1\C=C\C1OC(=O)CC(O)C1)-c1ccccc1,glenvastatin,1.0
S(=O)(=O)(NC(=O)NC1CCC(CC1)C)c1ccc(cc1)CCNC(=O)n1cc(C)c(CC)c1O,glimepiride,1.0
S(=O)(=O)(NC(=O)NC1CCCCC1)c1ccc(cc1)CCNC(=O)c1ncc(nc1)C,glipizide,1.0
S(=O)(=O)(NC(=O)NC1CCCCC1)c1ccc(cc1)CCN1C(=O)C(c2c(cc(OC)cc2)C1=O)(C)C,gliquidone,0.0
S(=O)(=O)(NC(=O)NN1CCCCCC1)c1ccc(cc1)CCNC(=O)c1noc(c1)C,glisoxepide,0.0
Clc1ccc(cc1)C(=O)n1c2c(cc(OC)cc2)c(CC(=O)NC(C(O)C(O)C(O)CO)C=O)c1C,glucametacin,1.0
S(=O)(=O)(Nc1ncc(OCCOC)cn1)c1ccccc1,glycodiazine,0.0
Clc1c2O[C@]3([C@@H](CC(=O)CC3OC)C)C(=O)c2c(OC)cc1OC,griseofulvin,1.0
NC(N)=N,guanidine hydrochloride;guanidine,1.0
OC(NC(=O)CCCCCC\N=C(\N)/N)C(=O)NCCCCNCCCN,gusperimus,0.0
Clc1ccc(cc1)C1(O)CCN(CC1)CCCC(=O)c1ccc(F)cc1,haloperidol,1.0
Clc1ccc(cc1)C1(OC(=O)CCCCCCCCC)CCN(CC1)CCCC(=O)c1ccc(F)cc1,haloperidol decanoate,1.0
OC(=O)CCC=1C2=NC(=CC3=NC(=Cc4[nH]c(C=c5[nH]c(=C2)c(CCC(O)=O)c5C)c(C=C)c4C)C(C=C)=C3C)C=1C,hemin,1.0
O=C1NC(=O)NC(=O)C1(CC)C=1CCCCCC=1,heptabarbital,0.0
O1c2c(C(=O)CC1c1cc(O)c(OC)cc1)c(O)cc(O)c2,hesperetin,0.0
S1[C@H]2N([C@@H](C(O)=O)C1(C)C)C(=O)[C@H]2N1C(=O)[C@H](NC1(C)C)c1ccccc1,hetacillin,1.0
O1C(CO)C(OC2OC(COC3OC(CO)C(OC)C(O)C3O)C(OC3OC(CO)C(OC)C(O)C3OCCO)C(O)C2O)C(O)C(O)C1C,hetastarch,0.0
ClC(C(Cl)=C(Cl)Cl)=C(Cl)Cl,hexachloro-1 3-butadiene,0.0
O(C(=O)CCC(=O)CN)CCCCCC,hexaminolevulinate hydrochloride,0.0
O(C(=O)c1ccccc1)C(CNC1CCCCC1)C,hexylcaine,0.0
OC(=O)CNC(=O)c1ccccc1,hippuric acid (from methene hippurate),0.0
[nH]1cc(nc1)CCN,histamine;histamine dihydrochloride,0.0
O1[C@@H]2[C@]34[C@H]([C@H](N(CC3)C)Cc3c4c1c(OC)cc3)CCC2=O,hydrocodone bitartrate;hydrocodone,1.0
OC1(CCC2C3C(C4(C(=CC(=O)CC4)CC3)C)C(O)CC12C)C(=O)COC(=O)CN(CC)CC,hydrocortamate,0.0
O=C1CC[C@@]2([C@@H]3[C@H]([C@@H]4CC[C@](O)(C(=O)COC(=O)C)[C@]4(C[C@@H]3O)C)CCC2=C1)C,hydrocortisone acetate,1.0
O=C1CC[C@]2([C@@H]3[C@H]([C@@H]4CC[C@@](OC(=O)CCC)(C(=O)CO)[C@@]4(C[C@@H]3O)C)CCC2=C1)C,hydrocortisone butyrate,1.0
O=C1CC[C@@]2([C@@H]3[C@H]([C@@H]4CC[C@](O)(C(=O)COC(=O)CCC5CCCC5)[C@]4(C[C@@H]3O)C)CCC2=C1)C,hydrocortisone cypionate,1.0
O=C1CC[C@@]2([C@@H]3[C@H]([C@@H]4CC[C@](OC(=O)CCC)(C(=O)COC(=O)CC)[C@]4(C[C@@H]3O)C)CCC2=C1)C,hydrocortisone probutate,1.0
P(OCC(=O)[C@@]1(O)CC[C@H]2[C@H]3[C@@H]([C@@]4(C(=CC(=O)CC4)CC3)C)[C@@H](O)C[C@]12C)(O)(O)=O,hydrocortisone sodium phosphate,1.0
O=C1CC[C@@]2([C@@H]3[C@H]([C@@H]4CC[C@](O)(C(=O)COC(=O)CCC(O)=O)[C@]4(C[C@@H]3O)C)CCC2=C1)C,hydrocortisone sodium succinate,1.0
O=C1CC[C@@]2([C@@H]3[C@H]([C@@H]4CC[C@](OC(=O)CCCC)(C(=O)CO)[C@]4(C[C@@H]3O)C)CCC2=C1)C,hydrocortisone valerate,1.0
O=C1CC[C@@]2([C@@H]3[C@H]([C@@H]4CC[C@](OC(=O)CCCCC)(C(=O)C)[C@]4(CC3)C)CCC2=C1)C,hydroxyprogesterone caproate,0.0
OC=1C2(C(=O)C(C)C)C(CC\C=C(\C)/C)(C)C(CC(C\C=C(\C)/C)(C2=O)C(=O)C=1C\C=C(\C)/C)C\C=C(\C)/C,hyperforin,0.0
O=C(NO)C(C)c1ccc(cc1)CC(C)C,ibuproxam,1.0
OC(=O)CCC\C=C\C\C=C\C\C=C\C\C=C\C\C=C\CC,icosapent;eicosapentaenoic acid,0.0
Fc1cc2onc(c2cc1)C1CCN(CC1)CCCOc1ccc(cc1OC)C(=O)C,iloperidone,1.0
S(CC\N=C\N)C=1CC2N(C(=O)C2C(O)C)C=1C(O)=O,imipenem,1.0
[O-][N+](CCCN1c2c(CCc3c1cccc3)cccc2)(C)C,imipramine oxide,1.0
Fc1cc2c(-c3c(cc(F)cc3)C23NC(=O)NC3=O)cc1,imirestat,1.0
Oc1c2NC(=O)C=Cc2c(cc1)[C@@H](O)CNC1Cc2cc(CC)c(cc2C1)CC,indacaterol maleate;indacaterol,1.0
O=C(N)C1(c2c(-c3c1cccc3)cccc2)CCCNC(C)C,indecainide hydrochloride,0.0
S(O)(=O)(=O)c1cc2c(N=C(c3[nH]c4c(cc(S(O)(=O)=O)cc4)c3O)C2=O)cc1,indigotindisulfonate sodium,0.0
S(=O)(=O)([O-])CCCCN\1c2c(c3c(cc2)cccc3)C(C)(C)/C/1=C\C=C\C=C\C=C\C1=[N+](c2c(c3c(cc2)cccc3)C1(C)C)CCCCS(O)(=O)=O,indocyanine green,0.0
Ic1cc(ccc1)CNC(N)=N,iobenguane sulfate,0.0
Ic1ccc(cc1)CC(NC(C)C)C,iofetamine hydrochloride i-123,0.0
n1(c2CCCCCCc2c2c1cccc2)CCCN(C)C,iprindole,1.0
S1c2c(N(c3ncccc13)CC(N(C)C)C)cccc2,isothipendyl,0.0
O1Nc2c(N1)cccc2-c1c(C(OC(C)C)=O)c(nc(C)c1C(OC)=O)C,isradipine,1.0
s1c2c(cc1)\C(\c1c(C=C2OC)cccc1)=C\C(O)=O,ix 207-887,1.0
O=C1N(N(C(=O)C1CCC(=O)C)c1ccccc1)c1ccccc1,kebuzone,1.0
OC(=O)C(N)C,l-alanine,0.0
OC(=O)[C@@H](N)CCC\N=C(\N)/N,l-arginine,0.0
OC(=O)C(N)CC(=O)N,l-asparagine,0.0
OC(=O)C(N)CCCNC(=O)N,l-citrulline,0.0
S(SCC(N)C(O)=O)CC(N)C(O)=O,l-cystine,0.0
OC(=O)[C@@H](N)Cc1nc[nH]c1,l-histidine,0.0
OC(=O)C(N)C(CC)C,l-isoleucine,0.0
OC(=O)C(N)CC(C)C,l-leucine,0.0
OC(=O)C(N)Cc1ccccc1,l-phenylalanine,0.0
OC(=O)C1NCCC1,l-proline,0.0
OC(=O)C(N)CO,l-serine,0.0
OC(C(N)C(O)=O)C,l-threonine,0.0
OC(=O)C(N)C(C)C,l-valine,0.0
O(C(=O)C=1C(\C(=C(/OCC)\O)\C(=NC=1C)C)c1ccccc1\C=C\C(OC(C)(C)C)=O)CC,lacidipine,1.0
O(CCN1CCCC1)c1ccc(cc1)[C@@H]1c2c(cc(O)cc2)CC[C@@H]1c1ccccc1,lasofoxifene,1.0
O[C@@H]1C[C@H](O)[C@H](C\C=C\CCCC(OC(C)C)=O)[C@H]1CC[C@@H](O)CCc1ccccc1,latanoprost,0.0
O(C(=O)C=1C(\C(=C(/OC)\O)\C(=NC=1C)C)c1cc([N+](=O)[O-])ccc1)C(CN(CCC(c1ccccc1)c1ccccc1)C)(C)C,lercanidipine,1.0
Oc1cc2C34C(C(N(CC3)CC=C)Cc2cc1)CCCC4,levallorphan,0.0
Oc1cc(ccc1O)C(O)C(N)C,levonordefrin,0.0
Clc1cc(ccc1)C(n1ccnc1)c1cc2nc[nH]c2cc1,liarozole,1.0
Fc1ccc(cc1)C(CCCN1CCN(CC1)CC(=O)Nc1c(cccc1C)C)c1ccc(F)cc1,lidoflazine,1.0
s1c2c(nc1Cc1c3c(n(c1)CC(O)=O)cccc3)c(F)c(F)cc2F,lidorestat,1.0
Clc1ccc(OC(Oc2ccc(Cl)cc2)C(OC2CCN(CC2)C)=O)cc1,lifibrate,1.0
Clc1ccc(cc1)-c1nn(cc1CC(O)=O)-c1ccccc1,lonazolac,1.0
S1c2c(C(=O)c3c1cccc3)c(NCCN(CC)CC)ccc2C,lucanthone,0.0
Clc1cc(c-2c(c1)\C(\c1cc(Cl)ccc1-2)=C\c1ccc(Cl)cc1)C(O)CN(CCCC)CCCC,lumefantrine,0.0
s1nc(N2CCN(CC2)C[C@@H]2CCCC[C@H]2CN2C(=O)C3[C@H]4CC[C@@H](C3C2=O)C4)c2c1cccc2,lurasidone hydrochloride,1.0
OC12C(CC3C(=C1O)C(=O)c1c(cccc1O)C3(O)C)C(N(C)C)C(=O)C(C(=O)NCNCCCCC(N)C(O)=O)=C2O,lymecycline,0.0
Oc1ccccc1C(O)=O,magnesium salicylate;salicylic acid,0.0
O(C(=O)C=1C(\C(=C(\OC)/O)\C(=NC=1C)C)c1cc([N+](=O)[O-])ccc1)CCN1CCN(CC1)C(c1ccccc1)c1ccccc1,manidipine,1.0
n1(c2CCN(Cc2c2c1cccc2)C)Cc1ccccc1,mebhydrolin,1.0
Clc1cc2NC(NS(=O)(=O)c2cc1S(=O)(=O)N)C(C(CC)C)C,mebutizide,1.0
Clc1c2c(C(O)=C3[C@H]([C@H](O)[C@@H]4[C@@](O)(C(O)=C(C(=O)N)C(=O)[C@H]4N(C)C)C3=O)C2=C)c(O)cc1,meclocycline sulfosalicylate;meclocycline,1.0
O=C1CC[C@@]2([C@@H]3[C@H]([C@@H]4CC[C@](OC(=O)C)(C(=O)C)[C@]4(CC3)C)C=C(C2=C1)C)C,megestrol acetate,1.0
OC[C@@H](O)[C@@H](O)[C@H](O)[C@@H](O)CNC,meglumine antimonate;n-methylglucamine,1.0
N(CC\C=C/1\c2c(cccc2)C(c2c\1cccc2)(C)C)(C)C,melitracen,1.0
P(Oc1c2c(cccc2)c(OP(O)(O)=O)cc1C)(O)(O)=O,menadiol sodium diphosphate,1.0
O(C)c1ccc(cc1)CN(CCN(C)C)c1ncccc1,mepyramine,0.0
O(C)c1c(OC)cc(cc1OC)CCN,mescalin,0.0
OC=1[C@]2(O)[C@H]([C@H](N(C)C)C(=O)C=1C(=O)N)[C@@H](O)[C@H]1C(C2=O)=C(O)c2c(cccc2O)C1=C,methacycline,0.0
O=C1C=C2CC[C@H]3[C@@H]4CC[C@@](O)(C)[C@]4(CC[C@@H]3[C@]2(C=C1)C)C,methandrostenolone,1.0
O=C1N(C)C(=O)NC(=O)C1(CC)CC,metharbital,0.0
O(C(C)(C)C)C,methyl tert-butyl ether,1.0
O1[C@H](COC)[C@@H](O[C@@H]2O[C@H](COC)[C@@H](OC)[C@H](OC)[C@H]2OC)[C@H](OC)[C@@H](OC)[C@@H]1O[C@H]1[C@H](OC)[C@@H](OC)[C@@H](O[C@@H]1COC)OC,methylcellulose,0.0
Oc1cc(ccc1O)C[C@H](N)C(OC)=O,methyldopa,1.0
O1[C@](NC(=O)[C@@H]2C=C3[C@H](N(C2)C)Cc2c4c3cccc4n(c2)C)(C)C(=O)N2[C@@H](Cc3ccccc3)C(=O)N3[C@@H](CCC3)[C@]12O,methylergotamine,0.0
OC1(CCC2C3C(C4(C(=CC(=O)C=C4)C(C3)C)C)C(O)CC12C)C(=O)COC(=O)C,methylprednisolone acetate,1.0
O=C1C=C2[C@@]([C@@H]3[C@H]([C@@H]4CC[C@](O)(C(=O)COC(=O)CCC(O)=O)[C@]4(C[C@@H]3O)C)C[C@@H]2C)(C=C1)C,methylprednisolone sodium succinate,1.0
S(=O)(=O)(N)c1cc2S(=O)(=O)CCCc2cc1C,meticrane,1.0
O1[C@@H](C[C@@H](O)CC1=O)CC[C@@H]1[C@@H]2[C@H](C[C@@H](C[C@@H]2OC(=O)[C@H](CC)C)C)C=C[C@@H]1C,mevastatin,1.0
s1cccc1[C@@]1(C[C@H]1CN)C(=O)N(CC)CC,milnacipran hydrochloride,1.0
OC1=CN(C=CC1=O)CC(N)C(O)=O,mimosine,0.0
Brc1cc(F)c(cc1)CN1C(=O)C2(CC(=O)NC2=O)c2c(ccc(F)c2)C1=O,minalrestat,1.0
O1CCN(CC1)CCNc1nnc(cc1C)-c1ccccc1,minaprine,0.0
OC=1[C@]2(O)[C@@H](C[C@H]3C(C2=O)=C(O)c2c(C3)c(N(C)C)ccc2O)[C@H](N(C)C)C(=O)C=1C(=O)N,minocycline hydrochloride;minocycline,1.0
s1cc(nc1N)CC(=O)Nc1ccc(cc1)CCNC[C@H](O)c1ccccc1,mirabegron,1.0
OC(=O)C(Cc1ccccc1)CC(=O)N1CC2C(CCCC2)C1,mitiglinide,0.0
N(/N=C(/N)\N)=C(/C=N/N=C(/N)\N)\C,mitoguazone,1.0
Oc1c2c(c(\N=C\CNCCO)ccc2NCCNCCO)c(O)c2c1c(O)ccc2O,mitoxantrone hydrochloride;mitoxantrone,1.0
O=C1N(NC(=O)C1CCCC)c1ccccc1,mofebutazone,1.0
OC(=O)/C(=C/C(O)=O)/CC,monoethylfumarate,1.0
Clc1nc(nc(OC)c1NC=1NCCN=1)C,moxonidine,1.0
OC(C(NC(=O)C)C=O)C(O)C(O)CO,n-acetyl-d-glucosamine,0.0
P(OCC1OC(N2C=C(CC=C2)C(=O)N)C(O)C1O)(OP(OCC1OC(n2c3ncnc(N)c3nc2)C(O)C1O)(O)=O)(O)=O,nadh,0.0
O=C1CC[C@@H]2[C@@H]3[C@H]([C@@H]4CC[C@H](OC(=O)CCCCCCCCC)[C@]4(CC3)C)CCC2=C1,nandrolone decanoate,1.0
O1[C@@H](C\C=C/C=C\C=C\C=C/[C@H](O[C@@H]2O[C@H](C)[C@@H](O)[C@H](N)[C@@H]2O)C[C@@H]2O[C@@](O)(C[C@H](O)[C@H]2C(O)=O)C[C@@H](O)C[C@H]2O[C@@H]2\C=C/C1=O)C,natamycin,0.0
O=C(NNCCC(=O)NCc1ccccc1)c1ccncc1,nialamide,1.0
O(C(=O)C=1C(\C(=C(/OC)\O)\C(=NC=1C)C)c1cc([N+](=O)[O-])ccc1)CCN(Cc1ccccc1)C,nicardipine hydrochloride;nicardipine,1.0
Brc1cc(cnc1)C(OCC1CC2(OC)C(N(C1)C)Cc1c3c2cccc3n(c1)C)=O,nicergoline,0.0
Clc1cc(-c2cc(Cl)cc([N+](=O)[O-])c2O)c(O)c([N+](=O)[O-])c1,niclofolan,1.0
Clc1ccc(OC(C(OCc2cccnc2)=O)(C)C)cc1,nicofibrate,1.0
O(C(=O)C=1C(\C(=C(/OC)\O)\C(=NC=1C)C)c1ccccc1[N+](=O)[O-])C,nifedipine,1.0
O(C(=O)C=1C(\C(=C(\OC(C)C)/O)\C(=NC=1C#N)C)c1cc([N+](=O)[O-])ccc1)C,nilvadipine,1.0
O(C(=O)C=1C(\C(=C(\OCCOC)/O)\C(=NC=1C)C)c1cc([N+](=O)[O-])ccc1)C(C)C,nimodipine,1.0
S(Cc1oc(cc1)CN(C)C)CCN/C(/NCc1cc2OCOc2cc1)=C\[N+](=O)[O-],niperotidine,1.0
O(C(=O)C=1C(\C(=C(\OC)/O)\C(=NC=1C)C)c1ccccc1[N+](=O)[O-])CC(C)C,nisoldipine,1.0
O(C(=O)C=1C(\C(=C(\OCC)/O)\C(=NC=1C)C)c1cc([N+](=O)[O-])ccc1)C,nitrendipine,1.0
Oc1c2ncccc2c([N+](=O)[O-])cc1,nitroxoline,0.0
Fc1ccc(cc1)Cn1c2c(nc1NC1CCNCC1)cccc2,norastemizole,1.0
OC1(CCC2C3C(C4C(=C/C(=N\O)/CC4)CC3)CCC12CC)C#C,norelgestromin,0.0
O(C(=O)C)C1(CCC2C3C(C4C(=C/C(=N\O)/CC4)CC3)CCC12CC)C#C,norgestimate,0.0
O1[C@@H](Oc2ccc3c(OC(=O)C(NC(=O)c4cc(C\C=C(\C)/C)c(O)cc4)=C3O)c2C)[C@H](O)[C@H](OC(=O)N)[C@@H](OC)C1(C)C,novobiocin calcium;novobiocin sodium;novobiocin,1.0
O(\N=C/1\c2c(CCc3c\1cccc3)cccc2)CCN(C)C,noxiptiline,1.0
O(C(=O)CC\C=C/C\C=C/C\C=C/C\C=C/C\C=C/C\C=C/CC)CC,omega-3-acid ethyl esters,1.0
O1C(C)C(O)C(O)C(O)C1OC1CC2(O)CCC3C(C2(CO)C(O)C1)C(O)CC1(C)C(CCC13O)C1=CC(OC1)=O,ouabain,0.0
Clc1ccc(cc1)C(=O)n1c2c(cc(OC)cc2)c(CC(=O)NO)c1C,oxametacin,1.0
OC=1C[C@@H]2CC[C@H]3[C@@H]4CC[C@](O)(C)[C@@]4(CC[C@@H]3[C@@]2(CC=1C=O)C)C,oxymetholone,1.0
Oc1ccc(N2N(C(=O)C(CCCC)C2=O)c2ccccc2)cc1,oxyphenbutazone,1.0
OC=1[C@]2(O)[C@H]([C@H](N(C)C)C(=O)C=1C(=O)N)[C@@H](O)[C@H]1C(=C2O)C(=O)c2c(cccc2O)[C@]1(O)C,oxytetracycline hydrochloride;oxytetracycline,1.0
Brc1[nH]c2c(n1)N(C)C(=O)N(C)C2=O,pamabrom,0.0
Oc1ccc(N)cc1,para-aminophenol,0.0
Clc1cc2NC(NS(=O)(=O)c2cc1S(=O)(=O)N)Cc1ccc(F)cc1,paraflutizide,1.0
FC1C2=CC(=O)C=CC2(C2C(C3CC(C)C(O)(C(=O)CO)C3(CC2O)C)C1)C,paramethasone,0.0
F[C@@H]1C2=CC(=O)C=C[C@@]2([C@@H]2[C@H]([C@@H]3C[C@@H](C)[C@](O)(C(=O)COC(=O)C)[C@]3(C[C@@H]2O)C)C1)C,paramethasone acetate,1.0
O[C@@H]1C\C(\C[C@@H](O)C1)=C\C=C\1/[C@@H]2CC[C@H]([C@@H](\C=C\[C@@H](C(O)(C)C)C)C)[C@]2(CCC/1)C,paricalcitol,1.0
O=C1N(CCC1)C(=O)\C=C\C=C\C(=C\[C@H](O)CCCC)\C,pecilocin,1.0
o1c(-c2ccccc2)c(O)nc1N,pemoline,1.0
S(=O)(=O)(N)c1cc2S(=O)(=O)NC(Nc2cc1C(F)(F)F)CCCCC,penflutizide,1.0
S(CC[C@H](NC(=O)[C@@H](NC(=O)CCNC(OC(C)(C)C)=O)Cc1c2c([nH]c1)cccc2)C(=O)N[C@@H](CC(O)=O)C(=O)N[C@@H](Cc1ccccc1)C(=O)N)C,pentagastrin,0.0
O1[C@@H]2[C@]34CCN([C@H](Cc5c3c1c(O)cc5)[C@]4(NCCCCC)C=CC2=O)C,pentamorphone,0.0
N1=NN=NN=CC=C1,pentazocine,0.0
S(OC1C(OS(O)(=O)=O)C(OCC1OC1OCC(O)C(OS(O)(=O)=O)C1OS(O)(=O)=O)O)(O)(=O)=O,pentosan polysulfate,0.0
O=C1N(C=C(C=C1c1ccccc1C#N)c1ncccc1)c1ccccc1,perampanel,1.0
FC(F)(C(F)(F)C(F)(F)C(F)(F)F)C(F)(F)C(F)(F)F,perflexane lipid microspheres,0.0
FC(F)(C(F)(F)F)C(F)(F)F,perflutren,0.0
S1C2N(C(=O)C2NC(=O)C(N)C=2CC=CCC=2)C(C(O)=O)=C(OC)C1,pheneticillin,0.0
N(=C(\NCCc1ccccc1)/N)/C(N)=N,phenformin,0.0
O(CC(NN)C)c1ccccc1,phenoxypropazine,1.0
P(OCC(N)C(O)=O)(OCC(OC(=O)CCC)COC(=O)CC)(O)=O,phosphatidylserine,0.0
s1ccnc1NS(=O)(=O)c1ccc(NC(=O)c2ccccc2C(O)=O)cc1,phthalylsulfathiazole,1.0
Oc1c2c(cccc2)c(O)c(\C=C\C(=C\CC[C@@H](CCC[C@@H](CCCC(C)C)C)C)\C)c1C,phytonadione,1.0
Clc1ccc(OC(C(OCCNC(=O)c2cccnc2)=O)(C)C)cc1,picafibrate,1.0
O1C2C3OC(=O)C45OC4CC(O)(C(C2C(O)(C)C)C1=O)C35C,picrotoxin,0.0
S1c2c(N(c3ncccc13)C(OCCOCCN1CCCCC1)=O)cccc2,pipazethate,0.0
O=C1N(N(C(=O)C1(CCCC)CN1CCN(CC1)C)c1ccccc1)c1ccccc1,pipebuzone,1.0
Clc1ccc(OC(C(OCc2nc(ccc2)CO)=O)(C)C)cc1,pirifibrate,1.0
S1C2N(C(C(OCOC(=O)C(C)(C)C)=O)C1(C)C)C(=O)C2NC(=O)C(N)c1ccccc1,pivampicillin,0.0
S1C2N(C(C(OCOC(=O)C(C)(C)C)=O)C1(C)C)C(=O)C2\N=C\N1CCCCCC1,pivmecillinam,0.0
OC=1c2c(C(=O)C=3C=1C=CNC=3)c(NCCN)ccc2\N=C\CN,pixantrone dimaleate,1.0
O(CCCCCCCCCCCC)CCOCCOCCOCCOCCOCCOCCOCCOCCO,polidocanol,0.0
Brc1cc(F)c(cc1)CN1N=C(c2c(cccc2)C1=O)CC(O)=O,ponalrestat,1.0
Clc1cc2c(OC(Oc3c(cc(Cl)cc3)C2C)C(OCC)=O)cc1,ponfibrate,1.0
O(C(C)c1c2[nH]c(C=C3N=C(C=C4N=C(C=c5[nH]c(=C2)c(C)c5C(O)C)C(C)=C4CCC(O)=O)C(CCC(O)=O)=C3C)c1C)C(C)c1c=2[nH]c(=Cc3[nH]c(C=C4N=C(C=C5N=C(C=2)C(C)=C5CCC(O)=O)C(CCC(O)=O)=C4C)c(C)c3C(O)C)c1C,porfimer,0.0
O(CC(O)CNC(C)C)c1ccc(NC(=O)C)cc1,practolol,1.0
s1c2CCN(Cc2cc1OC(=O)C)C(C(=O)C1CC1)c1ccccc1F,prasugrel hydrochloride,1.0
O=C1C=C2CC[C@@H]3[C@@H]([C@]2(C=C1)C)[C@@H](O)C[C@]1([C@H]3CC[C@]1(O)C(=O)COC(=O)C)C,prednisolone acetate,1.0
P(OCC(=O)[C@@]1(O)CC[C@H]2[C@H]3[C@@H]([C@@]4(C(=CC(=O)C=C4)CC3)C)[C@@H](O)C[C@]12C)(O)(O)=O,prednisolone sodium phosphate,1.0
O=C1C=C2CC[C@@H]3[C@@H]([C@]2(C=C1)C)[C@@H](O)C[C@]1([C@H]3CC[C@]1(O)C(=O)COC(=O)CC(C)(C)C)C,prednisolone tebutate,1.0
O[C@@H]1CC2=CC[C@H]3[C@@H]4C[C@@H](C#N)[C@H](C(=O)C)[C@@]4(CC[C@@H]3[C@@]2(CC1)C)C,pregnenolone 16 alpha carbonitrile,0.0
N(C(Cc1ccccc1)C)CCC(c1ccccc1)c1ccccc1,prenylamine,1.0
n1c2cc(N)ccc2cc2c1cc(N)cc2,proflavine,0.0
Clc1ccc(cc1)/C(=N\CCCC(=O)N)/c1cc(F)ccc1O,progabide,1.0
S=C1NC=CC(=O)N1CCC,propylthiouracil,1.0
Oc1c(C=O)c(cnc1C)CO,pyridoxal,0.0
S(SCc1cnc(C)c(O)c1CO)Cc1cnc(C)c(O)c1CO,pyritinol,1.0
OC(=O)C(=O)C,pyruvic acid,0.0
Fc1ccc(cc1)CN/C(/O)=C\1/N=C(N(C)C(=O)C/1=O)C(NC(=O)c1oc(nn1)C)(C)C,raltegravir,1.0
Fc1ccc(cc1)CNC(=O)C=1N=C(N(C)C(=O)C=1O)C(NC(=O)c1oc(nn1)C)(C)C,raltegravir potassium,1.0
Brc1cc(F)c(cc1)CN1C(=O)[C@@]2(n3c(ccc3)C1=O)CC(=O)NC2=O,ranirestat,1.0
O1[C@@H](CCn2c3nc(nc(N)c3nc2)-n2ncc(c2)C(=O)NC)C(O)C(O)[C@H]1CC,regadenoson,0.0
Clc1ccc(NC(=O)Nc2ccc(Oc3cc(ncc3)C(=O)NC)cc2F)cc1C(F)(F)F,regorafenib,1.0
O=C(NC(Cc1ccccc1)(C)c1ccccc1)CN,remacemide,1.0
S(=O)(=O)(C(C)(C)C)CC(Cc1ccccc1)C(=O)NC(Cc1nc[nH]c1)C(=O)NC(CC1CCCCC1)C(O)C(O)C1CC1,remikiren,0.0
Brc1ccc(OC)c(C(=O)NCC2N(CCC2)CC)c1OC,remoxipride,0.0
O=C1NC(=O)N=C2N(c3cc(C)c(cc3N=C12)C)CC(O)C(O)C(O)CO,riboflavin,0.0
FC(F)(F)c1cc(ccc1)\C(=N/OCCCCC(O)=O)\c1cccnc1,ridogrel,0.0
S1C(c2cc(OCC)c(OCCCCC)cc2)C(=O)NC1=O,risarestat,1.0
Clc1cncc(Cl)c1NC(=O)c1cc(OCC2CC2)c(OC(F)F)cc1,roflumilast,1.0
OC=1[C@]2(O)[C@@H](C[C@H]3C(=C2O)C(=O)c2c(cccc2O)[C@]3(O)C)[C@H](N(C)C)C(=O)C=1C(=O)NCN1CCCC1,rolitetracycline,0.0
Clc1ccc(cc1)-c1oc(COC(C(O)=O)(C)C)c(n1)C,romazarit,1.0
SC[C@H]1NC(=O)[C@H](CC(=O)C[C@H](OC(=O)[C@@H](NC(=O)/C(/NC1=O)=C/C)C(C)C)\C=C\CCS)C(C)C,romidepsin,1.0
Clc1ccc(OC(C(OCCCOC(=O)c2cccnc2)=O)(C)C)cc1,ronifibrate,1.0
Oc1[nH]c2c(c1)c(ccc2)CCN(CCC)CCC,ropinirole hydrochloride;ropinirole,1.0
O=C1c2c(N(C=C1C(O)=O)CC)cc(cc2)-c1ccncc1,rosoxacin,0.0
S(=O)(=O)(N(C)c1nc(-c2ccc(F)cc2)c(CC[C@@H](O)C[C@@H](O)CC(O)=O)c(n1)C(C)C)C,rosuvastatin,1.0
O1CCn2c3c(c(C4=C(c5c6c(n(CC[C@H]1CN(C)C)c5)cccc6)C(=O)NC4=O)c2)cccc3,ruboxistaurin,1.0
Clc1ccc(OC(C(OCC(OC(=O)c2ccccc2OC(=O)C)COC(=O)C(Oc2ccc(Cl)cc2)(C)C)=O)(C)C)cc1,salafibrate,1.0
Fc1cc(F)ccc1C1(OC(CO1)COc1ccc(N2CCN(CC2)c2ccc(N3C=NN(C(CC)C)C3=O)cc2)cc1)Cn1ncnc1,saperconazole,1.0
Brc1c2cc(ccc2oc1-c1ccccc1NS(=O)(=O)C(F)(F)F)Cn1c(C(=O)N)c(nc1CC)C1CC1,saprisartan,0.0
Clc1ccc(OC(C(SCCC(NC(=O)C)C(O)=O)=O)(C)C)cc1,serfibrate,1.0
Clc1ccc(OC(C(OCCCOC(=O)C(Oc2ccc(Cl)cc2)(C)C)=O)(C)C)cc1,simfibrate,1.0
Clc1c2N(C=C(C(O)=O)C(=O)c2cc(F)c1N1CC2(CC2)[C@H](N)C1)[C@@H]1C[C@@H]1F,sitafloxacin,1.0
Clc1ccc(OC(C(O[C@@H]2CC3=CC[C@H]4[C@@H]5CC[C@H]([C@@H](CC[C@H](C(C)C)CC)C)[C@]5(CC[C@@H]4[C@]3(CC2)C)C)=O)(C)C)cc1,sitofibrate,1.0
S(O[C@@H]1CC2=CC[C@H]3[C@@H]4CCC(=O)[C@@]4(CC[C@@H]3[C@@]2(CC1)C)C)(O)(=O)=O,sodium prasterone sulfate,1.0
S(OC(CC(C)C)CCC(CCCC)CC)(O)(=O)=O,sodium tetradecyl sulfate,1.0
S(=S)(O)(O)=O,sodium thiosulfate,0.0
Fc1cc2c(O[C@@H](C[C@]23NC(=O)NC3=O)C)cc1,sorbinil,1.0
N(CCCCNCCCN)CCCN,spermine,0.0
s1cccc1C(SC(C(=O)NCC(O)=O)C)=O,stepronin,1.0
OC(=O)CCC(O)=O,succinic acid,0.0
Clc1nnc(NS(=O)(=O)c2ccc(N)cc2)cc1,sulfachlorpyridazine,1.0
s1c(nnc1NS(=O)(=O)c1ccc(N)cc1)CC,sulfaethidole,1.0
S(=O)(=O)(Nc1nc(cc(n1)C)C)c1ccc(N)cc1,sulfamethazine,0.0
S(=O)(=O)(Nc1nnc(OC)cc1)c1ccc(N)cc1,sulfamethoxypyridazine,1.0
S(=O)(=O)(Nc1nccnc1OC)c1ccc(N)cc1,sulfametopyrazine,0.0
S(=O)(=O)(Nc1oc(C)c(n1)C)c1ccc(N)cc1,sulfamoxole,0.0
S(=O)(=O)(Nc1nc(nc(c1)C)C)c1ccc(N)cc1,sulfisomidine,1.0
S(=O)(=O)(c1ccc(NCS(O)=O)cc1)c1ccc(NCS(O)=O)cc1,sulfoxone sodium,1.0
S(C(C)C)c1ccc(cc1)C(O)C(NCCCCCCCC)C,suloctidil,1.0
O=C1N(N(C(=O)C1(CCCC)COC(=O)CCC(O)=O)c1ccccc1)c1ccccc1,suxibuzone,1.0
O=C1N(C)C(=O)N(C)C(=O)C1(C(CC)C)CC=C,talbutal,0.0
FC(F)(F)c1cc(Nc2ncccc2C(OC2OC(=O)c3c2cccc3)=O)ccc1,talniflumate,1.0
OC(=O)c1ccc(cc1)C(=O)Nc1cc2c(cc1)C(CCC2(C)C)(C)C,tamibarotene,0.0
S(O)(=O)(=O)CCNC(=O)CC[C@@H](C)[C@H]1CC[C@H]2[C@H]3[C@H](CC[C@]12C)[C@@]1([C@@H](C[C@H](O)CC1)CC3)C,taurolithocholic acid,1.0
S1(=O)(=O)[C@H]2N([C@@H](C(O)=O)[C@@]1(Cn1nncc1)C)C(=O)C2,tazobactam,1.0
Clc1cc2NC(NS(=O)(=O)c2cc1S(=O)(=O)N)C(Cl)(Cl)Cl,teclothiazide,1.0
O(C)c1cc2c([nH]cc2\C=N\N\C(=N\CCCCC)\N)cc1,tegaserod maleate;tegaserod,1.0
O(C(=O)C(CC)(C)C)C1C2C(=CC(C1)C)C=CC(C)C2CCC(O)CC(O)CC(O)=O,tenivastatin,1.0
s1c2c(S(=O)(=O)N(C)C(C(=O)Nc3ncccc3)=C2O)cc1,tenoxicam,1.0
FC(F)(F)c1ccc(NC(=O)\C(=C(/O)\C)\C#N)cc1,teriflunomide,1.0
O=C1N(CC(OC(=O)N)COCCCC)C(=O)N(CC(OCCCCC)OC(=O)N)C(=O)C1(CC)c1ccccc1,tetrabamate,1.0
OC=1[C@]2(O)[C@@H](C[C@H]3C(=C2O)C(=O)c2c(cccc2O)[C@]3(O)C)[C@H](N(C)C)C(=O)C=1C(=O)N,tetracycline hydrochloride;tetracycline phosphate complex;tetracycline,1.0
S1c2c(N(c3c1cccc3)CCCN1CCN(CC1)C)cc(S(=O)(=O)N(C)C)cc2,thioproperazine,0.0
S1c2c(cc(S(=O)(=O)N(C)C)cc2)\C(\c2c1cccc2)=C\CCN1CCN(CC1)C,thiothixene,1.0
Clc1ccc(OC(C(OCCSCCCCCCCCCCSCCOC(=O)C(Oc2ccc(Cl)cc2)(C)C)=O)(C)C)cc1,tiafibrate,1.0
S(CCC)c1nc(N[C@@H]2C[C@H]2c2cc(F)c(F)cc2)c2nnn(c2n1)[C@@H]1C[C@H](OCCO)[C@@H](O)[C@H]1O,ticagrelor,1.0
OC=1[C@]2(O)[C@@H](C[C@H]3C(C2=O)=C(O)c2c(C3)c(N(C)C)cc(NC(=O)CNC(C)(C)C)c2O)[C@H](N(C)C)C(=O)C=1C(=O)N,tigecycline,1.0
Clc1ccc(OC(C(=O)N2CSCC2C(O)=O)(C)C)cc1,timofibrate,1.0
S(=O)(=O)(Nc1cc(ccc1)[C@@H](CC)C=1C(=O)C[C@](OC=1O)(CCc1ccccc1)CCC)c1ncc(cc1)C(F)(F)F,tipranavir,1.0
Clc1ccc2NSNc2c1Nc1[nH]ccn1,tizanidine hydrochloride;tizanidine,1.0
O=C(Nc1c(cccc1C)C)C(N)C,tocainide hydrochloride;tocainide,1.0
Clc1ccc(OC(C(Oc2c(C)c(c3O[C@@](CCc3c2C)(CCC[C@@H](CCC[C@@H](CCCC(C)C)C)C)C)C)=O)(C)C)cc1,tocofibrate,1.0
Clc1cccc(Nc2ccccc2C(O)=O)c1C,tolfenamic acid,1.0
FC(F)(F)c1cc(OC[C@H](O)\C=C\[C@@H]2[C@@H](C\C=C\CCCC(OC(C)C)=O)[C@@H](O)C[C@H]2O)ccc1,travoprost,1.0
F[C@@]12[C@H]([C@@H]3C[C@@H](OC(=O)C)[C@](O)(C(=O)COC(=O)C)[C@]3(C[C@@H]1O)C)CCC1=CC(=O)C=C[C@@]12C,triamcinolone diacetate,0.0
F[C@@]12[C@H]([C@@H]3C[C@H]4OC(O[C@@]4(C(=O)COC(=O)CC(C)(C)C)[C@]3(C[C@@H]1O)C)(C)C)CCC1=CC(=O)C=C[C@@]12C,triamcinolone hexacetonide,1.0
O=C1N(N(C(=O)C1CCC(=O)C(C)(C)C)c1ccccc1)c1ccccc1,trimethazone,1.0
Oc1ccc(cc1)CC(NC(=O)C(NC(=O)C(NC(=O)C(Cc1[nH]cnc1)CC(=O)C1NC(=O)CC1)CCc1ccccc1NC=C)CO)C(=O)NC(CC=1c2c(CC=1)cccc2)C(=O)NC(CC(C)C)C(=O)NC(C(=O)CN1CCCC1C(=O)NCC(=O)N)CCCNC(N)=N,triptorelin pamoate,1.0
S=C(N1CCOCC1)c1cc(OC)c(OC)c(OC)c1,tritiozine,1.0
Clc1ccc(cc1)C(=O)n1c2c(cc(OC)cc2)c(CC(OCC(C(O)=O)c2ccccc2)=O)c1C,tropesin,1.0
O(CC=1NCCN=1)c1cc(ccc1C(C)C)C,tymazoline,0.0
Oc1ccc(cc1)CCN,tyramine,0.0
S(=O)(=O)(NCCC1N(CCC1)C)c1cc(C=2NC(=O)c3n(nc(c3N=2)CCC)C)c(OCCC)cc1,udenafil,0.0
Clc1ccc(OC(Oc2ccc(Cl)cc2)C(=O)NC(=O)N)cc1,urefibrate,1.0
O(CC)C(=O)N,urethane,1.0
S(=O)(=O)(N[C@@H](Cc1cc(ccc1)C(N)=N)C(=O)N1CCN(CC1)C(OCC)=O)c1c(cc(cc1C(C)C)C(C)C)C(C)C,urokinase,1.0
S(=O)(=O)(N)c1ccc(cc1)-c1c(noc1C)-c1ccccc1,valdecoxib,1.0
OCC1CC(NCC(=O)N2CCC[C@H]2C#N)C2C(C1)CC2,vildagliptin,1.0
O(C(=O)CCCCCCCCCCCCCCC)C\C=C(\C=C\C=C(\C=C\C=1C(CCCC=1C)(C)C)/C)/C,vitamin a palmitate;retinyl palmitate,1.0
O[C@@H]1C\C(=C\C=C\2/[C@@H]3CC[C@H]([C@@H](CCCC(C)C)C)[C@]3(CCC/2)C)\C(CC1)=C,vitamin d;cholecalciferol,0.0
O(C)c1cc2c3c([nH]c2cc1C1CC2\C(\CN(C(Cc4c1[nH]c1c4cccc1)C2C(OC)=O)C)=C/C)C1(C2N(CC(C1)CC2CC)CC3)C(OC)=O,voacamine,0.0
Clc1nc(SCC(O)=O)nc(Nc2cccc(C)c2C)c1,wy-14643,0.0
OC1CC(C)(C)C(\C=C\C(=C\C=C\C(=C\C=C\C=C(\C=C\C=C(\C=C\C2C(CC(O)C=C2C)(C)C)/C)/C)\C)\C)=C(C1)C,xanthophyll,0.0
O(C(=O)CN[C@@H](C(=O)N1CC[C@H]1C(=O)NCc1ccc(cc1)C(NO)=N)C1CCCCC1)CC,ximelagatran,1.0
O1[C@@H]([C@H](O)[C@H](O)CO)[C@H](NC(=O)C)[C@@H](NC(N)=N)C=C1C(O)=O,zanamivir,1.0
Brc1cc(F)c(cc1)CN1C(=O)c2c(N(CC(O)=O)C1=O)cc(Cl)cc2,zenarestat,1.0
O(C)c1cc2c(n(C(=O)c3ccc(N=[N+]=[N-])cc3)c(C)c2CC(O)=O)cc1,zidometacin,1.0
Brc1ccc(cc1)\C(=C/CN(C)C)\c1cccnc1,zimeldine,1.0
Clc1cc2[nH]c(O)cc2cc1CCN1CCN(CC1)c1nsc2c1cccc2,ziprasidone hydrochloride;ziprasidone mesylate;ziprasidone,1.0
s1c2c(nc1CN1N=C(c3c(cccc3)C1=O)CC(O)=O)cc(cc2)C(F)(F)F,zopolrestat,1.0
Clc1cc\2c(Sc3c(cccc3)/C/2=C\CCN2CCN(CC2)CCO)cc1,zuclopenthixol,0.0
